Title,Description,Category,Ingredients,Time_prep,Time_cook,Preparation,Image URL
Choux de Bruxelles,"Les choux de Bruxelles c'est un peu la bête noire des choux, notre pire souvenir de la cantine, un plat souvent accompagné d'un « beurk » ! Quel dommage pourtant, car bien cuisiné et surtout avec des choux de Bruxelles frais et non surgelés, les choux de Bruxelles sont très bons ! Découvrez cette recette de choux de Bruxelles, très facile et rapide à réaliser, vous vous demanderez pourquoi vous ne pas l'avez pas fait plus tôt ! Et pour les enfants qui rechignent à en manger rien de tel qu'un bon plat fait maison pour leur faire changer d'avis !Voir plusVoir moins",Variantes,"{'Chou(x) de Bruxelle': '1 kg', 'Ail': '3 gousse(s)', 'Beurre': '1 noix', 'Crème fraîche': '1 filet', 'Persil ciselé': '1 c. à soupe', 'Sel poivre': ''}",Total :25 min,Total :25 min,"Étape 1Dans un autocuiseur, versez un volume d'eau salée (environ ¼ de la hauteur) et portez à ébullition. Pendant ce temps, lavez les choux de Bruxelles sous un filet d'eau froide puis éliminez les feuilles fanées.
Étape 2Jetez les choux de Bruxelles dans l'eau bouillante, attendez la reprise de l'ébullition, et faites cuire sous pression pendant 7 à 8 min puis égouttez. Si vous ne possédez pas d'autocuiseur, vous pouvez utiliser une grande casserole d'eau salée, cela prendra simplement un peu plus de temps.
Étape 3Dans une sauteuse, faites fondre le beurre, ajoutez les choux de Bruxelles et faites dorer légèrement. Ajoutez l'ail pelé et haché, le sel, le poivre et mélangez bien.
Étape 4Ajoutez la crème fraîche et faites réduire en laissant mijoter à feu doux quelques minutes. Pour finir, saupoudrez vos choux de Bruxelles de persil. Salez et poivrez à votre convenance. Servez chaud.","{'sources': [], 'image_principale': {'url': 'https://img.cuisineaz.com/660x495/2016/04/28/i113872-choux-de-bruxelles.jpg', 'alt': 'choux de bruxelles'}, 'fichiers_telecharges': ['images_tartiflette\\i113872-choux-de-bruxelles.jpg']}"
"Pasta alla  norma (pâtes siciliennes aux aubergines, tomates et ricotta)","Les pasta alla norma sont des pâtes siciliennes aux aubergines, tomates et ricotta, un véritable classique de la gastronomie italienne qui sent bon le soleil et la Méditerranée. Raffiné et pourtant facile à préparer, ce plat complet enchante à tous les âges avec sa robe de sauce tomate et ses aubergines fondantes. Même les enfants se régalent de légumes sans broncher et finissent par en redemander, c'est dire si ce plat simple et généreux réchauffe les cœurs et les palais. À vos fourchettes, pronti ?Voir plusVoir moins",Variantes,"{'Pâtes': '320 g', 'Aubergine(s)': '2', 'Tomate(s) pelée(s)': '600 g', 'Ail': '2 gousse(s)', 'Ricotta': '200 g', 'Basilic': '', ""Huile d'olive"": '', 'Huile pour friture': '', 'Sel poivre': ''}",Total :40 min,Total :40 min,"Étape 1Pelez et hachez l'ail. Faites-le dorer dans une poêle avec 2 c. à soupe d'huile d'olive. Ajoutez les tomates pelées et laissez mijoter à petit feu pendant 10 min. Passez le mélange au chinois puis au mixeur pour obtenir un coulis. Faites-le chauffer à nouveau dans la poêle jusqu'à obtenir une sauce épaisse. Retirez du feu et ajoutez un peu de basilic ciselé, réservez.
Étape 2Lavez les aubergines, retirez les extrémités et coupez le reste en fines rondelles. Faites chauffer de l'huile dans une friteuse ou un faitout. Faites-y frire les rondelles jusqu'à ce qu'elles soient bien dorées. Egouttez-les sur du papier absorbant en fin de cuisson.
Étape 3Faites cuire les pâtes dans une casserole d'eau bouillante salée en suivant les instructions du paquet.
Étape 4Coupez les aubergines frites en morceaux et réchauffez-les dans une poêle à sec sur le feu. Ajoutez la sauce tomate et rectifiez l'assaisonnement si besoin. Quand les pâtes sont cuites, égouttez-les et versez-les dans la poêle. Laissez chauffer quelques minutes puis servez dans les assiettes avec du basilic ciselé et de la ricotta.","{'sources': [], 'image_principale': {'url': 'https://img.cuisineaz.com/660x495/2024/08/16/i199466-pasta-alla-norma-pates-siciliennes-aux-aubergines-tomates-et-ricotta.jpg', 'alt': 'Pasta alla  norma (pâtes siciliennes aux aubergines, tomates et ricotta)'}, 'fichiers_telecharges': ['images_tartiflette\\i199466-pasta-alla-norma-pates-siciliennes-aux-aubergines-tomates-et-ricotta.jpg']}"
Poisson à la sauce tomate épicée,"Avec ce bon plat, bien sur un peu de riz pour accompagner ne sera pas de refus... Et un bon vin blanc fruité (de provence).
N'hésitez pas à laisser des commentaires.
Bonne appétit.Voir plusVoir moins",Variantes,"{'Cabillaud': '4 filets', 'Oignon(s)': '1', 'Échalote(s)': '2', 'Ail': '2 gousse(s)', 'Tomate(s)': '1 quartier(s)', 'Concentré de tomates': '1 boîte(s)', 'Persil': '', 'Bouquet(s) garni(s)': '1', 'Clou(s) de girofle': '2', ""Huile d'olive"": '', 'Piment rouge': '1', 'Vin blanc sec': '1 verre(s)', 'Eau': '500 ml'}",Total :50 min,Total :50 min,"Étape 1Émincez finement l'oignon, les échalotes, l'ail, et le persil.
Étape 2Dans une casserole, remplissez généreusement le fond avec de l'huile d'olive.
Étape 3Ensuite mettez l'oignon, les échalotes, l'ail, le persil, le bouquet garni, les clous de girofles, et (un petit peu) du piment rouge dans la casserole.
Étape 4Remuez pendant 3 à 5 min à feu moyen.
Étape 5Mettez ensuite l'eau en même temps que le concentré de tomates, remuez bien, et mettez le verre de vin blanc, remuez souvent. Laissez mijoter 10 min.
Étape 6Plongez les poissons, et la tomate en petits quartiers au court bouillon dans la casserole pendant 15 min (le temps varie avec le poisson ""congelé, frais"", attention).
Étape 7(Si vous mettez des poisson en pavé congelés ""type marque findus"" faites cuire 8 min, une fois cuit sortez les poissons et emballez-les dans du papier d'aluminium).","{'sources': [], 'image_principale': {'url': 'https://img.cuisineaz.com/660x495/2013/12/20/i12560-poisson-a-la-sauce-tomate-epicee.jpg', 'alt': 'Poisson à la sauce tomate épicée'}, 'fichiers_telecharges': ['images_tartiflette\\i12560-poisson-a-la-sauce-tomate-epicee.jpg']}"
"Poêlée de pommes de terre, courgettes et poivrons",N/A,N/A,"{'Pomme(s) de terre': '10', 'Courgette(s)': '3', 'Poivron(s) rouge(s)': '1', 'Poivron(s) vert(s)': '1', 'Bouillon de légumes': '2 cube(s)', ""Huile d'olive"": '', 'Persil': '', 'Ail': '', 'Poivre': ''}",Total :50 min,Total :50 min,"Étape 1Pelez puis lavez les pommes de terre. Lavez et épépinez les poivrons. Lavez puis pelez les courgettes. Coupez tous ces légumes en dés.
Étape 2Mettez une poêle au feu. Versez-y 3 c. à soupe d’huile puis laissez chauffer. Versez les dés de légumes dans l’huile chaude et faites-les cuire sur feu doux pendant 15 min.
Étape 3À mi-cuisson, incorporez les cubes de bouillon et 1 verre d’eau, l'ail pelé et haché, le persil ciselé et du poivre. Mélangez et poursuivez la cuisson 15 min.","{'sources': [], 'image_principale': {'url': 'https://img.cuisineaz.com/660x495/2016/04/28/i106607-poelee-de-pommes-de-terre-courgettes-et-poivrons.jpg', 'alt': 'poelee de pommes de terre courgettes et poivrons'}, 'fichiers_telecharges': ['images_tartiflette\\i106607-poelee-de-pommes-de-terre-courgettes-et-poivrons.jpg']}"
"Velouté de carotte et de courge au lait de coco, gingembre et curry","C'est une recette de velouté tout en douceur et riche en parfums que nous vous proposons aujourd'hui. Le petit goût sucré des carottes et de la courge butternut se mariant à la douceur du lait de coco est rehaussé par la chaleur des épices...
Une recette simple et réconfortante pour affronter les premiers frimas de l'automne.Voir plusVoir moins",Variantes,"{'Carotte(s)': '500 g', 'Courge butternut': '600 g', 'Oignon(s)': '1', 'Lait de coco': '25 cl', 'Eau': '50 cl', 'Bouillon de légumes': '1 cube(s)', 'Huile': '1 c. à soupe', 'Sel poivre': '', 'Curry': '', 'Gingembre': '', 'Coriandre': 'Quelques feuilles'}",Total :35 min,Total :35 min,"Étape 1Épluchez vos légumes et coupez-les en petits morceaux pour une cuisson plus rapide. Faites chauffer l'huile dans votre casserole et ajoutez les morceaux de légumes. Faites-les rissoler quelques minutes en les mélangeant.
Étape 2Versez l'eau, ajoutez la marmite de bouillon, salez, poivrez et épicez à votre goût. Couvrez à hauteur avec le lait de coco. Si vos légumes ne sont pas à fleur du liquide, ajoutez un peu d'eau. Couvrez et laissez cuire 20 à 25 minutes.
Étape 3À l'aide d'un mixeur plongeant, mixez le contenu de votre casserole. Rectifiez éventuellement l'assaisonnement et servez vos veloutés agrémentés de quelques feuilles ciselées de coriandre.","{'sources': [], 'image_principale': {'url': 'https://img.cuisineaz.com/660x495/2017/10/02/i132735-veloute-de-carotte-et-de-courge-au-lait-de-coco-gingembre-et-curry.jpeg', 'alt': 'Velouté de carotte et de courge au lait de coco, gingembre et curry'}, 'fichiers_telecharges': ['images_tartiflette\\i132735-veloute-de-carotte-et-de-courge-au-lait-de-coco-gingembre-et-curry.jpeg']}"
Gratin de chou-fleur allégé pas cher en 10 min,"Un gratin de chou-fleur light pour accompagner viandes et poissons. C'est une recette de légume incontournable. En effet le chou-fleur peut-être assaisonné avec bon nombre d'ingrédients et peut être cuisiné dans des soupes, tartes, soufflés et gratins comme ici. Alors découvrez cette recette composée de chou-fleur, d'oeufs et de lait.Voir plusVoir moins",Variantes,"{'Chou-fleur': '1', 'Œuf(s)': '2', 'Lait': '1 tasse(s)', 'Ail': '1 Gousse', 'Persil frais': '1 bouquet(s)', 'Muscade': '', 'Sel, poivre': ''}",Total :35 min,Total :35 min,"Étape 1Préchauffez le four à 180°C (th.6).
Étape 2Coupez la tige et détachez les bouquets du chou-fleur. Faites-les cuire dans un grand volume d'eau salée à ébullition, jusqu'à ce qu'ils soient tendres.
Étape 3Pendant ce temps, battez les oeufs dans un saladier avec le lait, le sel, poivre, le persil et la muscade. Épluchez la gousse d'ail, puis hachez-la finement. Ajoutez-la à votre appareil à gratin.
Étape 4Disposez les bouquets de chou-fleur dans un plat à gratin, puis ajoutez la préparation aux oeufs. Enfournez pour 25 min. Servez chaud.","{'sources': [], 'image_principale': {'url': 'https://img.cuisineaz.com/660x495/2018/02/12/i135625-recette-gratin-chou-fleur-minceur.jpeg', 'alt': 'Gratin de chou-fleur allégé pas cher en 10 min'}, 'fichiers_telecharges': ['images_tartiflette\\i135625-recette-gratin-chou-fleur-minceur.jpeg']}"
Gratin de brocolis léger,Certains légumes peuvent prendre une dimension gourmande insoupçonnée lorsqu'ils sont cuisinés en gratin. C'est le cas du brocoli qui est sublimé dans cette recette par une béchamel sans beurre et qui est rehaussée d'une pointe de muscade. Ce gratin de brocolis léger est rapide à préparer et savoureux à souhait.Voir plusVoir moins,Variantes,"{'Brocoli(s)': '1 kg', 'Lait écrémé': '100 ml', 'Gruyère râpé': '60 g', 'Maïzena': '1 c. à soupe', ""Huile d'olive"": '1 filet', 'Noix de muscade': '1 pincée(s)', 'Sel poivre': ''}",Total :30 min,Total :30 min,"Étape 1Préchauffez le four à th.7 (210°C)
Étape 2Lavez le brocoli, détachez les bouquets et faites-les cuire 6 min à la vapeur.
Étape 3Pendant ce temps, préparez la béchamel: versez la maïzena dans une casserole et délayez-la tout d'abord dans un petit volume de lait écrémé froid, puis ajoutez peu à peu le reste de lait tout en mélangeant. Faites épaissir à feu doux sans jamais cesser de remuer. Ajoutez la noix de muscade et assaisonnez à votre convenance. Réservez.
Étape 4Disposez le brocoli dans un plat à gratin légèrement huilé puis nappez de béchamel. Ajoutez le gruyère et enfournez pour 15  min puis laisser dorer quelques minutes dans le four en mode grill.","{'sources': [], 'image_principale': {'url': 'https://img.cuisineaz.com/660x495/2018/01/19/i135182-gratin-de-brocolis-leger.jpeg', 'alt': 'Gratin de brocolis léger'}, 'fichiers_telecharges': ['images_tartiflette\\i135182-gratin-de-brocolis-leger.jpeg']}"
Sauté de crevettes aux brocolis,C'est un délice très léger et bien pour le soir.Voir plusVoir moins,Variantes,"{'Crevettes roses décortiquées': '500 g', 'Brocoli(s)': '600 g', 'Beurre': '', 'Oignon(s)': '', 'Ail': '', 'Ciboulette': '', 'Persil': '', 'Sel, poivre': '', 'Sauce au beurre': ''}",Total :35 min,Total :35 min,"Étape 1Plongez les brocolis dans l'eau bouillante salée (ne cuisez pas trop longtemps, ils doivent être croquants).
Étape 2Pendant ce temps, décortiquez les crevettes. Ensuite, faites revenir dans le beurre l'oignon et l'ail émincés.
Étape 3Ajoutez-y les crevettes. Salez et poivrez. Faites-les revenir pendant 3 min.
Étape 4Quand les brocolis sont cuits, ajoutez-les aux crevettes et laissez cuire environ 3 min.
Étape 5Pour la sauce, suivez les instructions du sachet. Versez la sauce sur la préparation et les crevettes brocolis.
Étape 6Mettez sur les dessus, ciboulette et persil. Servez chaud. Bon appétit !","{'sources': [], 'image_principale': {'url': 'https://img.cuisineaz.com/660x495/2017/06/22/i129395-saute-de-crevettes-aux-brocolis.jpeg', 'alt': 'Sauté de crevettes aux brocolis'}, 'fichiers_telecharges': ['images_tartiflette\\i129395-saute-de-crevettes-aux-brocolis.jpeg']}"
Quiche au brocoli et saumon fumé fait maison,"Cette Quiche au Brocoli et Saumon Fumé combine des saveurs délicates et riches, faisant d'elle un choix parfait pour un repas léger ou un brunch élégant.Voir plusVoir moins",Variantes,"{'Pâte(s) feuilletée(s)': '1 rouleau', 'Brocoli(s)': '1', 'Saumon fumé': '100 g', 'Crème fraîche': '25 cl', 'Œuf(s)': '4', 'Gruyère râpé': '', 'Beurre': ''}",Total :50 min,Total :50 min,"Étape 1Préchauffez le four à 180°C (th.6).
Étape 2Versez de l’eau dans une casserole et portez-la à ébullition. Plongez-y le brocoli et laissez-le blanchir 10 min.
Étape 3Coupez le saumon en fines lamelles. Egouttez le brocoli et détachez les fleurettes.
Étape 4Déroulez la pâte feuilletée au fond d'un moule. Répartissez le brocoli sur la pâte, puis les lamelles de saumon.
Étape 5Battez les œufs avec la crème fraîche et le fromage râpé. Salez, poivrez et versez dans le moule.
Étape 6Enfournez pour 20 min.
Étape 7Servez.","{'sources': [], 'image_principale': {'url': 'https://img.cuisineaz.com/660x495/2016/03/15/i78816-quiche-au-brocoli-et-saumon-fume-fait-maison.jpg', 'alt': 'Quiche au brocoli et saumon fumé fait maison'}, 'fichiers_telecharges': ['images_tartiflette\\i78816-quiche-au-brocoli-et-saumon-fume-fait-maison.jpg']}"
Poulet aux courgettes et curry au Cookeo,Préparer un repas léger pour toute la famille n’aura jamais été si simple et si rapide qu’avec le robot multi-cuiseur de Moulinex. Préparez cette recette de poulet aux courgettes et au curry en quelques minutes seulement : vous aurez tout juste le temps de dresser la table que vous pourrez déjà commencer votre repas.Voir plusVoir moins,Variantes,"{'Blanc(s) de poulet': '4', 'Courgette(s)': '3', 'Poivron(s) vert(s)': '2', 'Poivron(s) jaune(s)': '', 'Pâte de curry': '1 c. à soupe', 'Oignon(s)': '2', ""Huile d'olive"": '2 c. à soupe', 'Crème liquide': '20 cl', 'Tomate concassée': '1 boîte(s)', 'Eau': '10 cl', 'Ail': '1 Gousse', 'Persil': '2 Branches', 'Sel poivre': ''}",Total :15 min,Total :15 min,"Étape 1Faites chauffer le Cookeo en mode “dorer” et faites revenir dans un filet d’huile les blancs de poulet coupés dés en veillant à les mélanger régulièrement pour assurer une cuisson uniforme.
Étape 2Ajoutez les oignons et les poivrons émincés ainsi que la gousse d’ail écrasée puis laissez revenir quelques minutes supplémentaires.
Étape 3Versez les tomates concassées, l'eau, la pâte de curry et crème liquide. Mélangez délicatement et ajoutez les courgettes coupées en rondelles.
Étape 4Programmez le Cookeo en mode “cuisson rapide” ou “cuisson sous pression”/départ immédiat. Ajustez le temps de cuisson sur 5 min. Fermez le couvercle et laissez cuire.
Étape 5Quand la cuisson est terminée, ouvrez le Cookeo et assaisonnez à votre convenance. Ajoutez le persil ciselé avant de servir.","{'sources': [], 'image_principale': {'url': 'https://img.cuisineaz.com/660x495/2020/03/09/i152341-poulet-aux-courgettes-et-curry-au-cookeo.jpeg', 'alt': 'Poulet aux courgettes et curry au Cookeo'}, 'fichiers_telecharges': ['images_tartiflette\\i152341-poulet-aux-courgettes-et-curry-au-cookeo.jpeg']}"
Salade aux crottins de chèvre et aux pommes,N/A,Variantes,"{'Crottin de chèvre Rians': '2', 'Pomme(s)': '2', 'Crème fraîche': '4 c. à café', 'Ciboulette': '', 'Paprika': '', 'Sel poivre': ''}",Total :12 min,Total :12 min,"Étape 1Partagez les pommes en 2 et retirez la partie arrondie pour obtenir 2 tranches épaisses. Passez-les 1 à 2 min au micro-ondes.
Étape 2Coupez les crottins dans le sens de la largeur, posez chaque moitié sur une tranche de pomme, salez, poivrez.
Étape 3Remettez au micro-ondes 1 à 2 min. Ajoutez la crème, le paprika et la ciboulette. Servez avec une salade de mâche assaisonnée d'une vinaigrette au vinaigre de cidre.","{'sources': [], 'image_principale': {'url': 'https://img.cuisineaz.com/660x495/2013/12/20/i97624-salade-au-crottin-de-chevre-et-aux-pommes.jpg', 'alt': 'Salade au crottin de chèvre et aux pommes'}, 'fichiers_telecharges': ['images_tartiflette\\i97624-salade-au-crottin-de-chevre-et-aux-pommes.jpg']}"
Salade niçoise,"L’été arrive si on s’évadait sous le soleil azuréen pour manger une délicieuse et rafraîchissante salade niçoise sous un parasol. Exit haricots vert, pommes de terre et toutes autres ingrédients parasites. Cette salade se déguste sur le mythique cour Saleya de Nice.Voir plusVoir moins",Variantes,"{'Salade verte': '', 'Tomate(s)': '3', 'Cébette': '2', 'Radis': '', 'Œuf(s) dur(s)': '3', ""Thon à l'huile"": '1 Bocal / bocaux', 'Anchois': '6', 'Artichaut': '4', 'Poivron': '0,5', 'Olives noires': '', ""Huile d'olive"": '', 'Poivre du moulin': ''}",Total :10 min,Total :10 min,"Étape 1Coupez les tomates en quartier.
Étape 2Coupez les radis en lamelles dans le sens de la longueur.
Étape 3Coupez les artichauts en quatre.
Étape 4Taillez des lanières de poivron.
Étape 5Émincez les oignons cébette.
Étape 6Disposez des feuilles de salade dans le font d’un plat.
Étape 7Ajoutez les quartiers de tomates, le thon, les lanières de poivron, l’artichaut, les lamelles de radis.
Étape 8Mettez les œufs, les filets d’anchois.
Étape 9Ajoutez les olives.
Étape 10Versez un filet d’huile d’olive.
Étape 11Assaisonnez avec le poivre du moulin","{'sources': [], 'image_principale': {'url': 'https://img.cuisineaz.com/660x495/default/default.jpg', 'alt': 'Salade niçoise'}, 'fichiers_telecharges': ['images_tartiflette\\default.jpg']}"
Verrine betterave rouge et avocat,"Que ce soit pour Noël, le Nouvel An ou toute autre occasion, c’est vous qui régalez et vous êtes à la recherche d'une idée de recette facile aux airs de fête ? Ces exquises verrines de betteraves rouges et d'avocat au croquant de sésame vont vous épater par leur duo de saveurs léger, onctueux et plein de fraicheur. Et leur goût subtilement sucré sera parfait en guise d'amuse-bouche, en entrée ou pourquoi pas en apéro dinatoire.Voir plusVoir moins",Variantes,"{'Betterave cuite': '250 g', 'Avocat(s)': '1', 'Citron(s)': '0,5', 'Crème fraîche': '4 c. à soupe', 'Vinaigre balsamique': '1 c. à café', 'Graines de sésame': '1 c. à soupe', 'Sel poivre': ''}",Total :15 min,Total :15 min,"Étape 1Commencez par préparer la mousse d'avocat. Pelez puis ôtez le noyau de votre avocat, puis mixez (ou écrasez à la fourchette) sa chair en y incorporant le jus du citron. Ajoutez pour finir 1 c. à soupe de crème fraîche, salez et poivrez.
Étape 2Continuez en préparant la mousse de betteraves. Tranchez votre betterave en morceaux, puis mixez-la avec la crème restante, puis ajoutez le vinaigre balsamique, salez et poivrez.
Étape 3Pour dresser vos verrines apéritives, mettez d'abord la mousse de betteraves rouges puis la crème d'avocat (vous pouvez alterner plusieurs couches si vous le souhaitez). Finissez en saupoudrant de graines de sésame, et réservez au réfrigérateur jusqu'au moment de servir.","{'sources': [], 'image_principale': {'url': 'https://img.cuisineaz.com/660x495/2015/01/21/i113880-verrine-betterave-rouge-et-avocat.jpg', 'alt': 'Verrine betterave rouge et avocat'}, 'fichiers_telecharges': ['images_tartiflette\\i113880-verrine-betterave-rouge-et-avocat.jpg']}"
Brochettes de lotte,"Cette recette vous est proposée par Dominique Boute, nutritionniste et fondateur de monregimeperso.frVoir plusVoir moins",Variantes,"{'Filet(s)': '400 filets', 'Aubergine(s)': '800 g', 'Tomate(s) cerise(s)': '4', 'Romarin': '4', 'Olives vertes': '1', ""Huile d'olive"": '4 c. à soupe', 'Oignon(s)': '1', 'Carotte(s)': '1', 'Poireau(x)': '1', 'Céleri branche': '0,5', 'Persil': '4 brin(s)', 'Ail': '2 gousse(s)', 'Tomate(s)': '2', 'Eau': '1 l', 'Sel poivre': 'l'}",Total :2 h,Total :2 h,"Étape 1Epluchez et lavez les légumes. Mettez-les dans 1 l d'eau. Faites cuire 20 min à petite ébullition, puis filtrez.
Étape 2Préchauffez le four à 180°C (th.6).
Étape 3Lavez et coupez les aubergines en deux. Incisez la chair en croix.  Enfournez-les 40 min. en les arrosant régulièrement de bouillon de légumes.
Étape 4Pendant ce temps, lavez les tomates et coupez-les en quartiers.
Étape 5Découpez la lotte en gros dés.
Étape 6Montez les brochettes sur les branches de romarin, en alternant les dés de lotte et les quartiers de tomates (ou tomates cerises). Faites les cuire dans une poêle antiadhésive avec 2 c. à soupe d'huile d'olive, 2 à 3 min. sur chaque face.
Étape 7Hachez les olives, arrosez d'huile restante, poivrez et mélangez.
Étape 8Retirez la pulpe des aubergines à l'aide d'une cuillère, mixez-la et assaisonnez-la.
Étape 9Dressez sur des assiettes les brochettes, accompagnées du caviar d'aubergines et de la sauce aux olives.
Étape 10Servez de suite immédiatement !","{'sources': [], 'image_principale': {'url': 'https://img.cuisineaz.com/660x495/2013/12/20/i12190-brochettes-de-lotte.jpg', 'alt': 'Brochettes de lotte'}, 'fichiers_telecharges': ['images_tartiflette\\i12190-brochettes-de-lotte.jpg']}"
Smoothie framboise myrtille,"Découvrez ce délicieux smoothie aux fruits rouges pour des matins vitaminés. En effet, ce smoothie framboises myrtilles ne vous laissera pas indifférent. Fruitée et acidulée, cette recette de smoothie saura ravir vos papilles et même ceux de vos enfants. Préparez-le dès le réveil pour un petit déjeuner plein d'énergie et accompagnez-le d'un bol de granola ou d'un bol de muesli pour un petit déjeuner complet et équilibré. Le smoothie contient également du yaourt et des glaçons pour une boisson onctueuse et rafraîchissante.Voir plusVoir moins",Variantes,"{'Framboise(s)': '100 g', 'Myrtille(s)': '80 g', 'Yaourt': '1', 'Lait': '10 cl', 'Sucre en poudre': '15 g'}",Total :5 min,Total :5 min,"Étape 1Mixez les myrtilles, les framboises, le yaourt, le lait et le sucre.
Étape 2Serves frais.","{'sources': [], 'image_principale': {'url': 'https://img.cuisineaz.com/660x495/2015/06/25/i94955-smoothie-framboise-myrtille.jpg', 'alt': 'Smoothie framboise myrtille'}, 'fichiers_telecharges': ['images_tartiflette\\i94955-smoothie-framboise-myrtille.jpg']}"
Compote pomme banane,N/A,Variantes,"{'Pomme(s)': '6', 'Banane(s)': '5', 'Sucre vanillé': '1 Sachet'}",Total :40 min,Total :40 min,"Étape 1Pelez et épépinez les pommes, puis découpez-les en petits cubes.
Étape 2Épluchez les bananes et taillez-les en lamelles.
Étape 3Disposez les bananes et les pommes dans une casserole. Parsemez de sucre vanillé et mélangez. Laissez mijoter 30 min.
Étape 4Une fois la compote cuite, passez-la au mixeur ou écrasez-la à la fourchette, puis laissez refroidir.","{'sources': [], 'image_principale': {'url': 'https://img.cuisineaz.com/660x495/2016/09/25/i86105-compote-pomme-banane.jpg', 'alt': 'Compote pomme banane'}, 'fichiers_telecharges': ['images_tartiflette\\i86105-compote-pomme-banane.jpg']}"
Soupe de légumes d'hiver,N/A,Variantes,"{'Pomme(s) de terre': '600 g', 'Carotte(s)': '400 g', 'Navet(s)': '200 g', 'Poireau(x)': '2', 'Cerfeuil': '3 brin(s)', 'Beurre': '80 g', 'Sel': '', 'Poivre': ''}",Total :30 min,Total :30 min,"Étape 1Rincez les poireaux, après avoir ôté les racines et les parties flétries.
Étape 2Coupez-les finement.
Étape 3Dans une cocotte, fondez le beurre, puis faites-y revenir les poireaux.
Étape 4Lavez et épluchez les pommes de terre, les carottes et les navets.
Étape 5Lavez-les avant de les découper en petits cubes.
Étape 6Mettez-les dans la cocotte et arrosez-les avec 1,25 l d'eau.
Étape 7Assaisonnez avec le sel et le poivre.
Étape 8Faites bouillir.
Étape 9Diminuez le feu et couvrez la cocotte.
Étape 10Laissez cuire la soupe durant 30 min.
Étape 11Incorporez-y le reste du beurre.
Étape 12Répartissez dessus le cerfeuil.","{'sources': [], 'image_principale': {'url': 'https://img.cuisineaz.com/660x495/default/default.jpg', 'alt': ""Soupe de légumes d'hiver""}, 'fichiers_telecharges': ['images_tartiflette\\default.jpg']}"
Poêlée de lapin aux olives et champigons façon toscanaise,N/A,Variantes,"{'Lapin': '1,5 kg', 'Tomate(s) pelée(s)': '800 g', 'Olives noires': '100 g', 'Olives vertes': '100 g', 'Huile': '', 'Champignon(s)': '200 g', 'Romarin': '1 branche(s)', 'Thym': '', 'Sel poivre': ''}",Total :1 h 30 min,Total :1 h 30 min,"Étape 1Sur votre planche de cuisine, découpez le lapin en plusieurs morceaux.
Étape 2Mettez une poêle au feu et faites-y chauffez 3 c. à soupe d’huile.
Étape 3Faites-y revenir les morceaux de lapin jusqu'au moment où, ils présentent une couleur dorée.
Étape 4Incorporez ensuite les tomates pelées, les olives, les champignons, le romarin, du thym.
Étape 5Salez, poivrez.
Étape 6Laissez cuire lentement pendant 1h environ.
Étape 7Enlevez ensuite  du feu, puis servez.","{'sources': [], 'image_principale': {'url': 'https://img.cuisineaz.com/660x495/2023/04/05/i192307-lapin-aux-olives-et-champignons.jpg', 'alt': 'lapin aux olives et champignons'}, 'fichiers_telecharges': ['images_tartiflette\\i192307-lapin-aux-olives-et-champignons.jpg']}"
Poêlée méridionale,"Embarquez pour un voyage culinaire ensoleillé avec notre poêlée méridionale ! Cette recette met à l’honneur les légumes gorgés de soleil, tels que l’aubergine, la courgette et le poivron, qui se marient à merveille pour offrir une explosion de saveurs. Savourez le parfum méditerranéen du thym et du laurier, qui viendra sublimer chaque bouchée. Cette poêlée est l'accompagnement parfait pour vos grillades ou un plat végétarien savoureux à elle seule.Voir plusVoir moins",Variantes,"{'Aubergine(s)': '1', 'Courgette(s)': '2', 'Poivron(s)': '2', 'Oignon(s)': '1', ""Huile d'olive"": '3 c. à soupe', 'Thym': '', 'Laurier': '', 'Poivre': '', 'Sel': ''}",Total :1 h,Total :1 h,"Étape 1Nettoyez l’oignon avant de l’éplucher. Par la suite, ciselez-le grossièrement.
Étape 2Lavez l’aubergine, les courgettes et les poivrons. Puis, découpez ces légumes en dés de tailles moyennes.
Étape 3Faites revenir à feu vif dans l’huile d’olive tous ces ingrédients.
Étape 4Assaisonnez le tout de sel et de poivre. Ensuite, ajoutez-y le thym et le laurier.
Étape 5Faites mijoter à couvert la préparation durant 45 min.","{'sources': [], 'image_principale': {'url': 'https://img.cuisineaz.com/660x495/2024/10/27/i201324-poelee-meridionale.jpg', 'alt': 'Poêlée méridionale'}, 'fichiers_telecharges': ['images_tartiflette\\i201324-poelee-meridionale.jpg']}"
Clafoutis de fromage de chèvre et courgette,N/A,Variantes,"{'Farine': '', 'Œuf(s)': '2', 'Fromage de chèvre': '200 g', 'Courgette(s)': '1', 'Lait': '200 ml', 'Ail et persil': '1 portion(s)', ""Huile d'olive"": '', 'Beurre': '', 'Ciboulette': ''}",Total :40 min,Total :40 min,"Étape 1Préchauffez le four à th.6-7 (200°C).
Étape 2Lavez soigneusement et râpez en gros morceaux la courgette sans l?éplucher.
Étape 3Dans une poêle sur feu vif enduite de 1 c. à café d?huile d?olive, faites revenir la courgette râpée pendant quelques minutes.
Étape 4Joignez-y la portion de tartare, puis mélangez jusqu'à obtenir un mélange homogène.
Étape 5Incorporez la ciboulette.
Étape 6Ensuite dans un saladier, émiettez le fromage de chèvre et cassez-y les oeufs.
Étape 7Ajoutez 1 c. à soupe de farine, puis  travaillez bien le tout.
Étape 8Faites adjoindre la courgette râpée et le lait, puis mélangez encore.
Étape 9Coulez la pâte obtenue dans un moule enduit d?une noix de beurre.
Étape 10Mettez à cuire au four pour 25 min.
Étape 11Servez aussitôt.
Étape 12Préchauffez le four à th.6-7 (200°C).
Étape 13Lavez soigneusement et râpez en gros morceaux la courgette sans l?éplucher.
Étape 14Dans une poêle sur feu vif enduite de 1 c. à café d?huile d?olive, faites revenir la courgette râpée pendant quelques minutes.
Étape 15Joignez-y la portion de tartare, puis mélangez jusqu'à obtenir un mélange homogène.
Étape 16Incorporez la ciboulette.
Étape 17Ensuite dans un saladier, émiettez le fromage de chèvre et cassez-y les oeufs.
Étape 18Ajoutez 1 c. à soupe de farine, puis  travaillez bien le tout.
Étape 19Faites adjoindre la courgette râpée et le lait, puis mélangez encore.
Étape 20Coulez la pâte obtenue dans un moule enduit d?une noix de beurre.
Étape 21Mettez à cuire au four pour 25 min.
Étape 22Servez aussitôt.","{'sources': [], 'image_principale': {'url': 'https://img.cuisineaz.com/660x495/default/default.jpg', 'alt': 'Clafoutis de fromage de chèvre et courgette'}, 'fichiers_telecharges': ['images_tartiflette\\default.jpg']}"
Verrines au surimi,"Cuisine AZ vous présente aujourd’hui, une recette de verrine apero ultra facile et très rapide avec cette verrine de surimi. Composé de mayonnaise maison, de curry et de surimi, cet apéritif vous permettra de recevoir vos convives au pied levé.Voir plusVoir moins",Variantes,"{'Surimi(s)': '150 g', 'Curry en poudre': '10 g', 'Brin de ciboulette ciselé': '10', ""Jaune(s) d'œuf(s)"": '1', 'Moutarde': '1 c. à soupe', 'Huile': '10 cl', 'Sel': '', 'Poivre': ''}",Total :10 min,Total :10 min,"Étape 1Pour réaliser cette verrine facile, commencez par réaliser votre mayonnaise maison. Pour cela versez dans un récipient le jaune d'oeuf et la moutarde. Assaisonnez de sel, poivre et de curry. Mélangez. Puis fouettez la préparation au batteur électrique. En même temps versez votre huile. Au fur à mesure que vous fouettez la préparation, la mayonnaise va s'épaisseur jusqu'à obtenir une crème. Ajoutez à celle-ci la ciboulette ciselée.
Étape 2Fouettez énergiquement le mélange afin d’obtenir une crème bien homogène et onctueuse. Incorporez ensuite, à votre mayonnaise assaisonnée, le surimi émietté.
Étape 3Pour ne pas écraser le surimi, mélangez cette fois-ci très délicatement à l’aide d’une fourchette ou d’une cuillère en bois les ingrédients.  Remplissez 8 verrines de votre préparation. Couvrez-les de film alimentaire et placez-les 10 min au réfrigérateur.
Étape 4Avant de servir, décorez de brins de ciboulette disposés en croix ou piqués au centre de chaque verrine salée. Accompagnez vos entrées de quelques tranches de pain grillé que vous servirez chaud ! Un pur délice.","{'sources': [], 'image_principale': {'url': 'https://img.cuisineaz.com/660x495/2015/04/15/i89622-recette-verrines-au-surimi.jpg', 'alt': 'recette-Verrines au surimi'}, 'fichiers_telecharges': ['images_tartiflette\\i89622-recette-verrines-au-surimi.jpg']}"
Pâtes aux légumes du soleil,"Quand arrive la saison estivale, quel plaisir de renouer avec les courgettes, les tomates, les poivrons et les aubergines aux fourneaux ! Enrobées d’une ratatouille minute, ces pâtes aux légumes du soleil concentrent tous les parfums de la cuisine provençale. Délicieuses consommées chaudes, elles peuvent tout aussi bien se manger froides au bureau dans votre lunch box. Un festival de couleurs et de saveurs pour ensoleiller vos torsades ou vos pennes !Voir plusVoir moins",Variantes,"{'Pâtes': '200 g', 'Courgette(s)': '2', 'Aubergine(s)': '1', 'Poivron(s) jaune(s)': '1', 'Tomate(s)': '1', 'Oignon(s)': '1', 'Ail': '2 gousse(s)', 'Herbes de provence': '1 c. à café', ""Huile d'olive"": '2 c. à soupe', 'Gros sel': '1 pincée(s)', 'Sel': '1 pincée(s)', 'Poivre': '1 pincée(s)'}",Total :40 min,Total :40 min,"Étape 1Pelez et hachez l'oignon et l'ail. Nettoyez, épongez et coupez les courgettes et l'aubergine en morceaux. Lavez, épépinez et coupez le poivron en morceaux. Nettoyez, épongez, retirez le pédoncule et coupez la tomate en dés.
Étape 2Faites chauffer l'huile d'olive dans une grande casserole. Faites suer l'oignon jusqu'à ce qu'il soit translucide. Ajoutez les courgettes, l'aubergine, le poivron et la tomate puis laissez cuire 15 min à couvert, en mélangeant régulièrement.
Étape 3Pendant ce temps, faites cuire les pâtes dans une casserole d'eau bouillante salée (au gros sel) en suivant les instructions du paquet. Quand les pâtes sont cuites, égouttez-les et versez-les dans un saladier. Ajoutez les légumes, les herbes de Provence, du sel et du poivre et mélangez bien le tout.
Étape 4Servez aussitôt.","{'sources': [], 'image_principale': {'url': 'https://img.cuisineaz.com/660x495/2015/07/20/i93488-pates-aux-legumes-du-soleil.jpg', 'alt': 'Pâtes aux légumes du soleil'}, 'fichiers_telecharges': ['images_tartiflette\\i93488-pates-aux-legumes-du-soleil.jpg']}"
"Tourte au poulet, poireaux et champignons","Voilà une excellente façon de finir avec brio les restes du poulet ! Recette simplissime, ultra-rapide et délicieuse, la tourte au poulet, aux poireaux et aux champignons sera parfaite pour un petit diner gourmet, accompagné d'une bonne salade verte. Nous vous la conseillons vivement !Voir plusVoir moins",Variantes,"{'Pâte feuilletée(s)': '2', 'Restes de poulet': '', 'Jambon fumé': '5 tranche(s)', 'Poireau(x)': '2', 'Oignon(s)': '1', 'Vin blanc': '10 cl', 'Œuf(s)': '2', 'Crème fraîche': '40 cl', 'Gruyère râpé': '70 g', 'Paprika': '1 pincée(s)', 'Sel poivre du moulin': ''}",Total :1 h,Total :1 h,"Étape 1Préchauffez le four th.6 (180°C).
Étape 2Étalez une pâte feuilletée dans un plat à tarte allant au four.
Étape 3Coupez les poireaux en fines lamelles, émincez l'oignon (ou les échalotes) et les champignons. Coupez les restes de poulet en petits morceaux. Faites dorer l'oignon dans une poêle avec un peu de beurre, ajoutez le poireau et les champignons et laissez revenir pendant une dizaine de minutes à couvert puis salez et poivrez. Ensuite, ajoutez le paprika et déglacez avec le vin blanc, remuez le tout et déposez-le sur la pâte déjà étalée. Ajoutez les restes de poulet et le gruyère. Faites revenir le jambon fumé ou le magret fumé coupés en petits morceaux dans une poêle, et éparpillez-les également sur la pâte feuilletée. Battez l'oeuf et ajoutez-y la crème fraîche. Ajoutez ce mélange sur votre préparation. Recouvrez avec la 2ème pâte feuilletée.
Étape 4Faites un orifice de deux cm environ pour la cheminée et décorez la pâte avec la pointe du couteau. Battez le jaune d'oeuf et avec un pinceau, badigeonnez le dessus pour qu'il ait une jolie coloration.
Étape 5Enfournez pendant 30 à 45 min.
Étape 6Servez chaud avec une salade de saison.","{'sources': [], 'image_principale': {'url': 'https://img.cuisineaz.com/660x495/2016/04/28/i79749-tourte-au-poulet-poireaux-et-champignons.jpg', 'alt': 'tourte au poulet poireaux et champignons'}, 'fichiers_telecharges': ['images_tartiflette\\i79749-tourte-au-poulet-poireaux-et-champignons.jpg']}"
Poulet au curry Weight Watchers Cookeo,"Une recette avec de douces épices pour remplir la maison de délicieuses odeurs. Ce poulet au curry Weight Watchers Cookeo est prêt en 10 minutes. Vous comptez 9PP par portion. Un repas qui plaira à toute la famille. Réalisez-le, également pour un dîner entre amis, vos invités seront ravis.Voir plusVoir moins",Variantes,"{'Blanc(s) de poulet': '500 g', 'Oignon(s)': '1', 'Pulpe de tomate': '240 g', 'Lait de coco': '100 ml', 'Curry en poudre': '2 c. à café', 'Riz': '150 g', 'Eau': '800 ml', 'Sel': '', 'Poivre': ''}",Total :15 min,Total :15 min,"Étape 1Coupez en morceaux le blanc de poulet. Pelez et émincez l’oignon.
Étape 2Dans la cuve du Cookeo, faites revenir le poulet avec l’oignon en fonction dorer pendant 2 minutes
Étape 3Ajoutez la pulpe de tomate, le lait de coco, le curry, salez, poivrez, le riz et l’eau puis lancez la cuisson sous pression pour 10 minutes. Mélangez et servez aussitôt.","{'sources': [], 'image_principale': {'url': 'https://img.cuisineaz.com/660x495/2018/02/14/i135704-poulet-au-curry-weight-watchers-cookeo.jpeg', 'alt': 'Poulet au curry Weight Watchers Cookeo'}, 'fichiers_telecharges': ['images_tartiflette\\i135704-poulet-au-curry-weight-watchers-cookeo.jpeg']}"
Papillotes de lieu noir,"Les papillotes sont un bon moyen de cuire les aliments tout en préservant leurs vitamines grâce au papier d'aluminium qui fait office de cuisson à l'étouffé. Réalisez ainsi cette délicieuse recette de papillotes de lieu noir simplement composée de fenouil, poivron, poireau, échalote et épices pour accompagner vos filets de poisson.Voir plusVoir moins",N/A,"{'Lieu noir(s)': '3 filets', 'Tomate(s)': '1', 'Fenouil': '0,25', 'Poivron': '0,5', 'Blanc(s) de poireau(x)': '1', 'Échalote(s)': '1', 'Riz': '3 c. à soupe', 'Crème liquide': '', 'Curcuma en poudre': '', ""Huile d'olive"": '', 'Sel poivre': ''}",Total :45 min,Total :45 min,"Étape 1Préchauffez le four à 180°C.
Étape 2Nettoyez la tomate, le fenouil et le blanc de poireau puis découpez-les en julienne. Nettoyez et retirez les pépins du demi poivron. Coupez-le aussi en julienne. Pelez et hachez finement l'échalote. Placez 3 feuilles de papier aluminium sur un plan de travail.
Étape 3Déposez sur chacune des feuilles un filet de lieu noir. Répartissez la julienne de légumes et l'échalote hachée sur le dessus des filets de poisson puis versez un filet d'huile d'olive. Ajoutez 1 c. à soupe de riz sur le dessus de chaque garniture, en l'enfonçant un peu dans la julienne de légumes. Salez et poivrez à votre goût.
Étape 4Ajoutez enfin 3 c. à soupe de crème liquide sur chaque garniture et saupoudrez de curcuma en poudre. Fermez les feuilles de papier aluminium afin de former les papillotes. Déposez-les sur une grille de four.
Étape 5Enfournez et faites cuire les papillotes de lieu noir pendant 30 minutes. Servez et dégustez les papillotes de lieu noir dès la sortie du four.","{'sources': [], 'image_principale': {'url': 'https://img.cuisineaz.com/660x495/2016/04/28/i307-papillotes-de-lieu-noir.jpg', 'alt': 'papillotes de lieu noir'}, 'fichiers_telecharges': ['images_tartiflette\\i307-papillotes-de-lieu-noir.jpg']}"
Mini cocottes bananes et ananas flambés au Cointreau,"Le commentaire nutritionnel vous est proposé par Dominique Boute, nutritionniste et fondateur de monregimeperso.frVoir plusVoir moins",Variantes,"{'Orange(s)': '2', 'Banane': '3', 'Ananas Victoria': '2', 'Citron(s) jaune(s)': '1', 'Beurre': '150 g', 'Sucre en poudre': '60 g', 'Cointreau': '10 cl'}",Total :30 min,Total :30 min,"Étape 1Pressez les oranges, pelez les bananes, coupez-les en trois et citronnez-les.
Étape 2Epluchez les ananas, retirez les yeux et coupez-le en tranches puis en morceaux.
Étape 3Mettez les mini-cocottes avec une noix de beurre au four th.3 (90°C).
Étape 4Faites fondre 100 g de beurre dans une poêle à revêtement antiadhésif et posez-y les bananes avec les morceaux d’ananas. Faites-les dorer des deux côtés puis saupoudrez-les de sucre, laissez-les caraméliser un peu avant d’ajouter le jus d’orange. Portez à ébullition, et laissez mijoter 3 minutes.
Étape 5Versez le Cointreau dans une petite casserole et mettez sur feu vif.
Étape 6Sortez les mini-cocottes du four, posez-les sur une assiette.
Étape 7Répartissez les fruits avec le jus dans les mini-cocottes. Arrosez-les de Cointreau bouillant.
Étape 8Chaque convive fera flamber sa mini-cocotte.","{'sources': [], 'image_principale': {'url': 'https://img.cuisineaz.com/660x495/2013/12/20/i44352-cocottes-bananes-ananas.jpg', 'alt': 'Cocottes bananes ananas'}, 'fichiers_telecharges': ['images_tartiflette\\i44352-cocottes-bananes-ananas.jpg']}"
Gambas julie,"On s'en met plein les doigts avec cette recette, mais ça vaut le coup !
Certaines utilisent le sachet plastique. Trempez les gambas dans l'œuf. Et dans un sachet plastique, mettez la chapelure et les noisette, mettez-y toutes les gambas et secouez énergiquement.Voir plusVoir moins",N/A,"{'Gambas': '2', 'Noisette en poudre(s)': '1 sachet(s)', 'Chapelure': '', 'Œuf(s)': '2', 'Beurre': '', 'Raisin(s)': '', 'Sel poivre': ''}",Total :15 min,Total :15 min,"Étape 1Dans un saladier mélangez le sachet de noisette et la chapelure. Dans un autre, les 2 œufs
Étape 2Commencez par tremper les gambas dans l'œuf, ensuite dans le mélange chapelure, noisette.
Étape 3Répétez cette opération pour chaque gambas.
Étape 4Faites chauffer un peu de beurre et d'huile et cuisez-y les gambas environ 2 à 3 min, de chaque côté.
Étape 5Salez et poivrez à votre convenance.","{'sources': [], 'image_principale': {'url': 'https://img.cuisineaz.com/660x495/2015/06/25/i12903-gambas-julie.jpg', 'alt': 'Gambas julie'}, 'fichiers_telecharges': ['images_tartiflette\\i12903-gambas-julie.jpg']}"
Salade de jambon San Daniele et Grana Padano aux courgettes et melon,N/A,Variantes,"{'Courgette(s)': '8', 'Melon': '1', 'Jambon': '4 tranche(s)', 'Grana padano': 'lamelles', ""Huile d'olive extra vierge"": '', 'Sel poivre': ''}",Total :10 min,Total :10 min,"Étape 1Lavez, essuyez et coupez les courgettes en julienne.
Étape 2Pelez le melon, enlevez les graines et utilisez une cuillère à melon pour faire de petites boules.
Étape 3Coupez le jambon en julienne et mélangez-le avec les courgettes en ajoutant l’huile, le sel et le poivre.
Étape 4Posez la salade ainsi obtenue au centre du plat, garnissez avec les fines lamelles de Grana Padano et les boules de melon.
Étape 5Ajoutez le poivre moulu et l’huile d’olive extra vierge selon votre goût.","{'sources': [], 'image_principale': {'url': 'https://img.cuisineaz.com/660x495/2013/12/20/i23833-salade-de-jambon-san-daniele-et-grana-padano-aux-courgettes-et-melon.jpg', 'alt': 'Salade de jambon San Daniele et Grana Padano aux courgettes et melon'}, 'fichiers_telecharges': ['images_tartiflette\\i23833-salade-de-jambon-san-daniele-et-grana-padano-aux-courgettes-et-melon.jpg']}"
Omelette aux petits légumes grillés,"Cette recette vous est proposée par Dominique Boute nutritionniste et fondateur de monregimeperso.fr

Valeur calorique pour 1 personne: 331 kcalVoir plusVoir moins",Variantes,"{'Œuf(s)': '8', 'Poivron(s) jaune(s)': '0,5', 'Poivron(s) rouge(s)': '0,5', 'Courgette(s)': '120 g', 'Aubergine(s)': '120 g', 'Pomme(s) de terre': '8', ""Huile d'olive"": '3 c. à soupe', 'Basilic': '', 'Sel poivre': ''}",Total :1 h 25 min,Total :1 h 25 min,"Étape 1Préchauffez le four en position grill.
Étape 2Lavez les légumes.
Étape 3Épépinez les poivrons et coupez-les en dés.
Étape 4Taillez l’aubergine et la courgette en tranches dans le sens de la longueur.
Étape 5Couvrez la plaque du four de papier aluminium. Disposez tous les légumes sur la grille et arrosez-les d’un filet d’huile d’olive. Salez et poivrez.
Étape 6Mettez les pommes de terre à cuire au four de 45 min à 1h dans des papillotes.
Étape 7Pendant ce temps, battez les œufs en omelette. Chauffez l’huile dans une poêle anti-adhésive versez l’omelette et les légumes. Faîtes cuire quelques minutes et servez avec les pommes de terre au four.","{'sources': [], 'image_principale': {'url': 'https://img.cuisineaz.com/660x495/2013/12/20/i110729-omelette-aux-legumes-grilles.jpg', 'alt': 'Omelette aux légumes grillés'}, 'fichiers_telecharges': ['images_tartiflette\\i110729-omelette-aux-legumes-grilles.jpg']}"
Quinoa bowl complet sardines et avocat,N/A,N/A,"{'Quinoa': '200 g', 'Avocat(s)': '2', 'Tomate(s)': '2', 'Poivron(s) jaune(s)': '1', 'Poivron(s) rouge(s)': '1', ""Sardine(s) à l'huile"": '1 boîte(s)', 'Maïs': '100 g', ""Mélange d'oléagineux(s)"": '100 g', 'Coriandre': 'Quelques feuilles', ""Huile d'olive"": '4 c. à soupe', 'Vinaigre de cidre': '3 c. à café', 'Sel poivre': ''}",Total :15 min,Total :15 min,"Étape 1Pelez, dénoyautez l’avocat et détaillez sa chair en dés. Lavez, égrainez et émincez les poivrons et les tomates.
Étape 2Lavez et ciselez la coriandre. Égouttez les sardines et émiettez-les grossièrement à la fourchette.
Étape 3Dans un saladier, mélangez le quinoa, les graines, les tomates, les poivrons, la coriandre, le maïs et les sardines.
Étape 4Dans un bol, émulsionnez l’huile et le vinaigre, salez et poivrez. Versez dans le saladier et tournez pour bien mélanger.
Étape 5Versez dans des bols et répartissez les dés d’avocat sur le dessus.
Étape 6Servez.","{'sources': [], 'image_principale': {'url': 'https://img.cuisineaz.com/660x495/2016/07/29/i102525-quinoa-bowl-complet-sardines-et-avocat.jpg', 'alt': 'Quinoa bowl complet sardines et avocat'}, 'fichiers_telecharges': ['images_tartiflette\\i102525-quinoa-bowl-complet-sardines-et-avocat.jpg']}"
"Lasagnes au saumon, poireaux et ricotta","Hum ! Les lasagnes de saumon, poireaux et ricotta sont délicieuses. Composées d'une fondue de poireau et de ricotta et de saumon, ces lasagnes sont gourmandes. Vous allez adorer les servir pour un repas entre amis.Voir plusVoir moins",Variantes,"{'Raviole(s)': '40 g', 'Saumon': '200 g', 'Poireau(x)': '2', 'Ricotta': '20 cl', 'Oignon(s)': '1', ""Huile d'olive"": '1 filet', 'Fromage': '120 g', 'Sel': '', 'Poivre': ''}",Total :45 min,Total :45 min,"Étape 1Préchauffez le four à 180°C
Étape 2Lavez et coupez les poireaux et l'oignon en petits morceaux. Coupez le saumon en petits dés.
Étape 3Dans une sauteuse, faites revenir les poireaux avec l'huile d'olive pendant 10 minutes. Ajoutez l'oignon,le poivre et le sel et la ricotta. Mélangez.
Étape 4Dans un plat à gratin, alternez des couches de poireaux-ricotta et dés de saumon et de lasagnes. Parsemez de fromage râpé.
Étape 5Enfournez pour 20 minutes","{'sources': [], 'image_principale': {'url': 'https://img.cuisineaz.com/660x495/2018/09/01/i142200-poireaux-et-ricotta.jpeg', 'alt': ' poireaux et ricotta'}, 'fichiers_telecharges': ['images_tartiflette\\i142200-poireaux-et-ricotta.jpeg']}"
"Salade de poulet, avocat et pamplemousse","La salade de poulet est parfaite pour des repas complets mais légers. Accompagnée d'avocats et de pamplemousses, cette salade de poulet est parfaite pour un repas froid à emporter.Voir plusVoir moins",Variantes,"{'Laitue': '8 feuilles', 'Escalope(s) de poulet': '4', 'Avocat(s)': '4', 'Pamplemousse': '2', 'Oignon(s) rouge(s)': '1', 'Vinaigre balsamique': '1 c. à soupe', ""Huile d'olive"": '2 c. à soupe', 'Sel poivre': ''}",Total :25 min,Total :25 min,"Étape 1Découpez le poulet en fines lamelles et faites-le cuire dans une poêle anti-adhésive pendant 4 min, ou jusqu'à ce que le poulet soit bien cuit et commence à dorer.
Étape 2Découpez les avocats et l'oignon rouge en fines tranches.
Étape 3Dans un petit bol, mélangez le vinaigre balsamique et l'huile d'olive, avec une pincée de sel et de poivre.
Étape 4Dans un grand saladier, mélangez le poulet, la laitue, les avocats, les pamplemousses et l'oignon rouge.
Étape 5Ajoutez la préparation de vinaigrette en filet et assaisonnez de poivre et de sel.","{'sources': [], 'image_principale': {'url': 'https://img.cuisineaz.com/660x495/2018/09/30/i143036-salade-de-poulet-avocat-et-pamplemousse.jpeg', 'alt': 'Salade de poulet, avocat et pamplemousse'}, 'fichiers_telecharges': ['images_tartiflette\\i143036-salade-de-poulet-avocat-et-pamplemousse.jpeg']}"
Risotto aux légumes au Cookeo,"Vous adorez les risottos au Cookeo ? Avec leur cuisson parfaite, fondant et gourmand, toute la famille en raffole. Aujourd’hui, nous vous proposons une recette avec plein de légume pour votre plus grand plaisir. Place à la réalisation de votre risotto aux légumes au Cookeo.Voir plusVoir moins",Variantes,"{'Riz Arborio': '250 g', 'Blanc(s) de poireau(x)': '1', 'Carotte(s)': '2', 'Petits pois surgelés': '50 g', 'Bouillon de légumes': '50 cl', 'Crème épaisse': '2 c. à soupe', 'Parmesan': '50 g'}",Total :27 min,Total :27 min,"Étape 1Lavez et coupez le poireau en tronçons. Pelez et coupez en petits dés les carottes.
Étape 2Faites revenir 2 min en mode dorer les poireaux et le riz puis ajoutez les carottes, les petits pois, le bouillon de légumes. Lancez la cuisson sous pression pour 15 min.
Étape 3Mélangez avec la crème et le parmesan puis servir aussitôt.","{'sources': [], 'image_principale': {'url': 'https://img.cuisineaz.com/660x495/2018/11/20/i144358-risotto-aux-legumes-au-cookeo.jpeg', 'alt': 'Risotto aux légumes au Cookeo'}, 'fichiers_telecharges': ['images_tartiflette\\i144358-risotto-aux-legumes-au-cookeo.jpeg']}"
Minestrone au Cookeo,"Venez découvrir la plus italienne des soupes. Autrefois, elle était servie au centre de la table qui lui valut son nom venant du mot italien « ministare ». Cette recette de soupe minestrone au Cookeo de Moulinex est rapide à réaliser.Voir plusVoir moins",Variantes,"{'Pâtes': '250 g', 'Macédoine': '400 g', 'Haricots blancs': '250 g', 'Branche(s) de céleri': '1 Branches', 'Concentré de tomates': '1 c. à soupe', 'Jus de tomate': '500 ml', 'Eau': '250 ml', 'Parmesan râpé': '50 g', 'Oignon(s)': '1', ""Huile d'olive"": '1 c. à soupe', 'Légume(s)': '1 cube(s)', 'Persil plat': '', 'Sel': '', 'Poivre': ''}",Total :18 min,Total :18 min,"Étape 1Lavez et coupez en tronçon la branche de céleri. Pelez et émincez l’oignon. Lavez, séchez et ciselez le persil
Étape 2Dans la cuve du Cookeo, faites revenir l’oignon dans l’huile d’olive en mode dorer
Étape 3Ajoutez les pâtes, la macédoine, les haricots blancs, le céleri, le concentré de tomate, le jus de tomate, l’eau, le cube de légumes, le sel et le poivre
Étape 4Lancez la cuisson sous pression pour 8 min
Étape 5Ajoutez le parmesan et le persil puis servez aussitôt","{'sources': [], 'image_principale': {'url': 'https://img.cuisineaz.com/660x495/2018/04/13/i139329-minestrone-au-cookeo.jpeg', 'alt': 'minestrone au Cookeo'}, 'fichiers_telecharges': ['images_tartiflette\\i139329-minestrone-au-cookeo.jpeg']}"
Quiche light au jambon et champignons,N/A,Variantes,"{'Farine': '250 g', 'Beurre': '150 g', 'Eau': '', 'Œuf(s)': '3', 'Fromage blanc': '200 g', 'Crème fraîche 15% MG': '1 c. à soupe', 'Jambon': '300 g', 'Champignon(s) frais': '150 g', 'Sel, poivre': '', 'Gruyère râpé': '40 g'}",Total :21 min,Total :21 min,"Étape 1Sortez le beurre 1 à 2h avant la préparation
Étape 2Faites la pâte brisée : dans un saladier, mélangez la farine ajoutez le beurre en morceaux
Étape 3Avec les doigts, malaxez la farine et le beurre pour avoir une pâte. Ajoutez de l'eau au fur et à mesure (60ml environ au total)
Étape 4Mettez la pâte prête au réfrigérateur 2 heures minimum.
Étape 5Farinez votre plan de travail, étalez la pâte et mettez là dans un moule à tarte beurré
Étape 6Ajoutez le jambon en morceaux et les champignons préalablements cuits et égouttés.
Étape 7Dans un saladier, mélangez les oeufs, avec la crème et le fromage blanc. Salez, poivrez. Versez dans le moule.
Étape 8Saupoudrez de gruyère
Étape 9Enfournez 30 min à 180°C","{'sources': [], 'image_principale': {'url': 'https://img.cuisineaz.com/660x495/2016/09/29/i69740-quiche.jpeg', 'alt': 'quiche'}, 'fichiers_telecharges': ['images_tartiflette\\i69740-quiche.jpeg']}"
Quiche légère aux courgettes et aux tomates cerises,"Une quiche légère aux courgettes composée d'une pâte brisée au beurre allégée et d'une délicieuse garniture de tomates cerises, courgette, crème fraîche et bouillon de légume. Il n'en faut pas plus pour réaliser un plat léger qui conviendra pour toute la famille.Voir plusVoir moins",Variantes,"{'Farine': '150 g', 'Farine de maïs': '50 g', 'Beurre allégé': '70 g', 'Sel': '1 pincée(s)', 'Tomate(s) cerise(s)': '300 g', 'Courgette(s)': '500 g', 'Œuf(s)': '2', 'Oignon(s)': '1', 'Crème fraîche allégée 3% de MG': '20 mg', ""Huile d'olive"": '1 c. à soupe', 'Coeur de bouillon ® MAGGI®': '1', 'Sel, poivre': ''}",Total :1 h 15 min,Total :1 h 15 min,"Étape 1Préparez d'abord la pâte. Dans un saladier, mélangez la farine et la farine de mais. Ajoutez le sel et le beurre ramolli. Mélangez. Versez progressivement un 1/2 verre d'eau sans cesser de mélanger. Malaxez à la main pour obtenir une pâte homogène.
Étape 2Formez une boule avec la pâte et recouvrez-la de papier film. Laissez reposer 1 heure à température ambiante. Ensuite, étalez la pâte avec la paume de la main sans la pétrir puis étalez-la avec un rouleau à pâtisserie fariné sur le plan de travail fariné lui aussi.
Étape 3Préchauffez le four à 180°C (th. 5). Et garnissez un moule à tarte avec la pâte. Faites-la cuire à blanc pendant 12 min.
Étape 4Dans une poêle, faites suer à feu doux les courgettes découpées en fines rondelles et ajoutez l'oignon finement émincé. En fin de cuisson, ajoutez 1 capsule de CŒUR DE BOUILLON® MAGGI® Légumes pour donner un délicieux goût cuisiné à votre mélange.
Étape 5Battez les œufs avec la crème fraîche dans un saladier. Salez et poivrez. Coupez les tomates cerises en deux. Déposez les légumes sur la pâte cuite à blanc. Versez la préparation sur les légumes et enfournez pour 25 min. Vérifier le degré de cuisson à l'aide de la pointe d'un couteau.","{'sources': [], 'image_principale': {'url': 'https://img.cuisineaz.com/660x495/2018/02/02/i135427-recette-quiche-leger-courgette.jpeg', 'alt': 'recette-quiche-leger-courgette'}, 'fichiers_telecharges': ['images_tartiflette\\i135427-recette-quiche-leger-courgette.jpeg']}"
Quiche allégée au thon et à la crème fraîche,"Les quiches et tartes salées sont des grands classiques qui plaisent à tous. Si vous êtes soucieux de votre ligne, préparez cette délicieuse quiche allégée au thon et à la crème fraîche. Sans pâte, cette quiche ravira les papilles des petits et des grands.
Vous n’aimez pas le thon ? Remplacez-le facilement par 2 tranches de jambon blanc coupés en dés.

Valeur calorique de la recette pour 1 personne - 137 caloriesVoir plusVoir moins",N/A,"{'Œuf(s)': '4', 'Crème fraîche allégée à 3 % de matière grasse': '20 cl', 'Gruyère râpé': '1 sachet(s)', 'Thon au naturel': '1 boîte(s)', 'Beurre allégé': '1 Noisette', 'Sel': '1 pincée(s)', 'Poivre': ''}",Total :40 min,Total :40 min,"Étape 1Préchauffez le four à 150°C (thermostat 5).
Étape 2Dans un saladier, battez les œufs en omelette à l’aide d’un fouet. Ajoutez le thon égoutté et émietté, la crème fraîche allégée et mélangez. Terminez en ajoutant le gruyère râpé allégé et mélangez bien.
Étape 3Salez très légèrement, le gruyère râpé étant déjà naturellement salé.
Étape 4Beurrez soigneusement un plat à tarte avec le beurre ou la margarine. Versez-y la pâte à quiche allégée au thon et à la crème fraîche.
Étape 5Enfournez la quiche allégée au thon et à la crème fraîche pendant 30 minutes environ jusqu'à ce que le dessus soit bien doré.
Étape 6Servez cette quiche allégée au thon et à la crème fraîche bien chaude accompagnée d'une salade verte.","{'sources': [], 'image_principale': {'url': 'https://img.cuisineaz.com/660x495/2013/12/20/i31085-quiche-sans-pate-au-thon.jpg', 'alt': 'Quiche sans pâte au thon '}, 'fichiers_telecharges': ['images_tartiflette\\i31085-quiche-sans-pate-au-thon.jpg']}"
Quiche diététique,"Une recette de quiche diététique pour déguster un repas complet et équilibré vous tente? C'est ce que nous vous proposons avec cette version de quiche allégée en matière grasse composée d'une pâte brisée, de gruyère râpé, de courgette et de blancs de poulet.


Valeur calorique pour 1 personne: Pâte brisée 141,8 - Blancs de poulet 64,6 kcal - Tomate 1,8 kcal - Courgette 4,2 kcal - Oignon 1,6 kcal - Gruyère 26,6 kcal - Oeufs 75,3  kcal - TOTAL: 315,9 kcalVoir plusVoir moins",N/A,"{'Pâte brisée allégée': '1', 'Blanc(s) de poulet': '2 tranche(s)', 'Tomate(s)': '1', 'Courgette(s)': '1', 'Oignon(s)': '0,5', 'Gruyère râpé': '75 g', 'Œuf(s)': '5'}",Total :1 h,Total :1 h,"Étape 1Préchauffez le four à 240 ° (th.8).
Étape 2Lavez les tomates et courgettes avant de les avoir coupés en petits morceaux. Émincez le 1/2 oignon. Faites-le revenir dans une poêle anti-adhésive avec la tomates et la courgette. Mélangez dans un saladier, les oeufs, le gruyère et le blanc de poulet coupé en petits cubes.
Étape 3Incorporez les légumes poêlés dans le saladier. Piquez la pâte après l'avoir foncé dans le moule à tarte. Ajoutez quelques pois chiches ou haricots blancs afin qu'elle ne lève pas, et précuisez-la 10 min au four.
Étape 4Enfin versez l'appareil à quiche avec les légumes et enfournez 35 min. Servez votre quiche aussitôt avec une salade.","{'sources': [], 'image_principale': {'url': 'https://img.cuisineaz.com/660x495/2018/01/31/i135345-recette-quiche-courgette-dietetique.jpeg', 'alt': 'recette-quiche-courgette-dietetique'}, 'fichiers_telecharges': ['images_tartiflette\\i135345-recette-quiche-courgette-dietetique.jpeg']}"
Quiche lorraine légère,"Quand on pense à la cuisine minceur, on pense à une cuisine fade, sans goût. Une cuisine qui servirait juste à se nourrir sans jamais prendre de plaisir. 
Eh bien, chez CuisineAZ, on ne voit pas la cuisine minceur de cet œil. On pense qu’il faut, cuisine minceur ou non, toujours avoir du plaisir lorsque l’on mange, que ce soit un apéritif, un plat ou un dessert. C’est pourquoi nous vous proposons cette recette de quiche lorraine légère. 
Notre quiche lorraine légère ne contient que 170 calories par part. Vous pouvez donc vous faire plaisir !Voir plusVoir moins",N/A,"{'Farine': '150 g', 'Maïzena': '150 g', 'Beurre allégé': '150 g', 'Lait écrémé': '8 cl', 'Sel': '', 'Œuf(s)': '3', 'Volaille': '200 g', 'Emmental râpé': '70 g', 'Crème fraîche allégée à 3% de MG': '20 mg', 'Noix de muscade': '', 'Cerfeuil': '', 'Poivre': ''}",Total :30 min,Total :30 min,"Étape 1Pour réaliser cette quiche lorraine, commencez par préchauffer votre four à 180°C (th.6).
Étape 2Puis préparez la pâte brisée. Mélangez la farine, la Maïzena et le sel dans un saladier. Ajoutez le beurre mou et agglomérez le tout à l'aide de vos mains tout en ajoutant progressivement le lait tiédi. Travaillez la pâte jusqu'à obtenir une texture homogène.
Étape 3Préparez la garniture. Déposez la pâte dans un moule à tarte recouvert de papier sulfurisé. Piquez le fond à l’aide d’une fourchette. Dans une poêle, faites revenir les lardons de volaille sans ajouter de matières grasses. Répartissez les lardons sur le fond en appuyant légèrement pour qu'ils restent pris dans la pâte.
Étape 4Dans un saladier, battez les œufs et la crème fraîche. Poivrez et ajoutez une pincée de noix de muscade. Versez le mélange sur la pâte et parsemez d’emmental puis enfournez le tout 30 min environ. Votre quiche lorraine légère est maintenant prête ! Servez chaud, avec quelques feuilles de cerfeuil et une salade verte.","{'sources': [], 'image_principale': {'url': 'https://img.cuisineaz.com/660x495/2018/01/31/i135370-recette-quiche-lorraine-legere.jpeg', 'alt': 'recette-quiche-lorraine-legere'}, 'fichiers_telecharges': ['images_tartiflette\\i135370-recette-quiche-lorraine-legere.jpeg']}"
Quiche light au saumon fumé et moutarde,"On revisite la célèbre quiche lorraine avec cette recette de quiche light au saumon. Même pendant un régime, il est important de manger du poisson qui apporte tous les nutriments nécessaires à notre bien-être. Facile et rapide à réaliser, cette quiche à la fois gourmande et aérienne est idéale pour un dîner léger et diététique. Ne vous en privez pas.Voir plusVoir moins",Variantes,"{'Pâte(s) feuilletée(s)': '1', 'Saumon fumé': '150 g', 'Moutarde': '2 c. à soupe', 'Œuf(s)': '3', 'Tomate(s)': '2', 'Crème fraîche semi-épaisse': '20 cl', 'Gruyère râpé': '', 'Herbes de provence': '', 'Sel poivre': ''}",Total :55 min,Total :55 min,"Étape 1Préchauffez le four à 180°C (th.6). Étalez la pâte feuilletée dans un moule à tarte puis avec une fourchette, piquez-en le fond de tarte. Enfournez à blanc pendant 5 min pour la précuire. Sortez la pâte feuilletée du four puis étalez la moutarde sur le fond de tarte. Réservez.
Étape 2Sur une planche de cuisine, coupez de fines tranches de saumon fumé (Si vous avez du saumon en boîte, vous aurez du saumon émietté). Lavez les tomates puis coupez-les en rondelles. Réservez. Dans un saladier, battez les oeufs avec une pincée de sel puis ajoutez la crème fraîche, 2 poignées de gruyère râpé et des herbes de provence. Mélangez puis salez, poivrez à votre convenance.
Étape 3Sur le fond de tarte à la moutarde, disposez des tranches de saumon puis des rondelles de tomates. Versez alors la préparation aux oeufs/crème fraîche. Enfournez et laissez cuire 30 min à 180° (th.6) jusqu'à ce que votre quiche soit bien dorée. À la sortie du four, laissez tiédir 10 min avant de servir. Accompagnez votre quiche light au saumon d'une salade verte.","{'sources': [], 'image_principale': {'url': 'https://img.cuisineaz.com/660x495/2018/03/19/i138263-quiche-light-au-saumon-fume-et-moutarde.jpeg', 'alt': 'Quiche light au saumon fumé et moutarde'}, 'fichiers_telecharges': ['images_tartiflette\\i138263-quiche-light-au-saumon-fume-et-moutarde.jpeg']}"
Quiche light aux courgettes sans pâte,"Ce soir, c'est repas léger et diététique pour mon régime minceur. Découvrez la quiche light aux courgettes sans matières grasses. Facile et rapide à réaliser, cette très bonne quiche légère ravira vos convives et vous-même pendant le déjeuner ou le dîner. Composée de légumes du soleil, cette quiche d'été se déguste parfaitement avec une salade verte.Voir plusVoir moins",Variantes,"{'Pâte(s) brisée(s)': '1', 'Œuf(s)': '2', 'Courgette(s)': '2', 'Soja': '20 cl', 'Crème fraîche semi-épaisse': '20 cl', 'Poivron(s) rouge(s)': '0,5', 'Poivron(s) jaune(s)': '0,5', 'Oignon(s) rouge(s)': '2', 'Tomate(s)': '1', 'Parmesan': '2 poignée(s)', 'Herbes de provence': '', 'Noix de muscade': '', 'Sel poivre': ''}",Total :1 h,Total :1 h,"Étape 1Préchauffez le four à th.6 (180°C). Lavez les courgettes et les poivrons à l’eau claire. Épépinez les poivrons, retirez les membranes blanches, puis coupez en fines lamelles. Coupez les courgettes en fines rondelles. Épluchez l'oignon et émincez-le. Dans une poêle, faites revenir les légumes avec un filet d'huile d'olive pendant 5 min. Plongez ensuite la tomate mondée dans de l’eau bouillante, puis épluchez-la. Coupez-la en rondelles. Réservez le tout.
Étape 2Dans un saladier, battez les oeufs puis ajouter la crème fraîche et le soja. Ajoutez la noix de muscade râpée, les herbes de provence puis salez et poivrez à votre convenance. Mélangez le tout. Incorporez alors le fromage râpé. Mélangez de nouveau. Réservez.
Étape 3Déroulez une pâte brisée et mettez-la dans un moule à tarte. Piquez-la à l'aide d'une fourchette. Répartissez ensuite les légumes précuits dans le fond de tarte. Versez ensuite le mélange aux œufs et étalez-le de façon homogène. Ajoutez ensuite les rondelles de tomates par dessus.  Enfournez et laissez cuire pendant 35 min à 180° (th.6).","{'sources': [], 'image_principale': {'url': 'https://img.cuisineaz.com/660x495/2018/03/19/i137223-quiche-light-aux-courgettes-sans-pate.jpeg', 'alt': 'Quiche light aux courgettes sans pâte'}, 'fichiers_telecharges': ['images_tartiflette\\i137223-quiche-light-aux-courgettes-sans-pate.jpeg']}"
Compote de pomme express au micro-ondes,N/A,Variantes,"{'Pomme(s)': '4', 'Vanille': '1 gousse(s)', 'Sucre': '', 'Cannelle': '1 pincée(s)'}",Total :20 min,Total :20 min,"Étape 1Épluchez les pommes, retirez le cœur et les pépins, puis détaillez-les en dés. Déposez-les dans un plat qui passe au micro-ondes, saupoudrez de sucre et de cannelle, puis mélangez.
Étape 2Déposez sur le dessus la gousse de vanille fendue en deux dans la longueur. Ajoutez 1/2 verre d'eau. Couvrez le plat de film alimentaire (ou d'un couvercle adapté) et lancez 10 minutes de cuisson.
Étape 3Laissez reposer 5 minutes, mélangez, puis relancez pour 5 à 10 minutes, selon votre micro-ondes et l'avancement de la compote. En fin de cuisson, découvrez, écrasez à la fourchette et servez!","{'sources': [], 'image_principale': {'url': 'https://img.cuisineaz.com/660x495/2015/10/30/i91339-compote-de-pomme-express-au-micro-ondes.jpg', 'alt': 'Compote de pomme express au micro-ondes'}, 'fichiers_telecharges': ['images_tartiflette\\i91339-compote-de-pomme-express-au-micro-ondes.jpg']}"
"Salade de quinoa au bacon, chèvre et potimarron d’hiver",N/A,Variantes,"{'Quinoa': '200 g', 'Potimarron': '1', 'Chèvre frais': '200 g', 'Bacon': '8 tranche(s)', 'Oignon(s)': '2', 'Vinaigre de noix': '3 c. à soupe', 'Huile de noix': '6 c. à soupe', 'Persil': 'brin(s)', ""Huile d'olive"": '', 'Sel, poivre': ''}",Total :45 min,Total :45 min,"Étape 1Préchauffez le four à 220°C (th.7).
Étape 2Coupez le potimarron, retirez les graines et la peau. Coupez la chair en dés et déposez-les sur une plaque de four recouverte de papier de cuisson.
Étape 3Pelez et hachez l’oignon. Parsemez-en les dés de potimarron, arrosez d’huile d’olive, salez, poivrez et enfournez pour 20 minutes.
Étape 4Pendant ce temps, faites cuire le quinoa 10 minutes dans une casserole d’eau salée, ou selon les instructions du paquet. Égouttez et laissez refroidir.
Étape 5Lavez et ciselez le persil. Détaillez le chèvre en dés. Émincez le bacon en allumettes et faites-les griller dans une poêle, sans graissage, jusqu’à ce qu’elles soient bien croustillantes.
Étape 6Dans un bol, mélangez l’huile et le vinaigre de noix. Émulsionnez, salez, poivrez et ajoutez le persil ciselé.
Étape 7Dans un saladier, mélangez le quinoa refroidi, les dés de potimarron aux oignons, les dés de chèvre et les allumettes de bacon. Arrosez avec la sauce et tournez délicatement.
Étape 8Servez frais !","{'sources': [], 'image_principale': {'url': 'https://img.cuisineaz.com/660x495/2015/12/03/i82389-salade-de-quinoa-au-bacon-chevre-et-potimarron-d-hiver.jpg', 'alt': 'Salade de quinoa au bacon, chèvre et potimarron d’hiver'}, 'fichiers_telecharges': ['images_tartiflette\\i82389-salade-de-quinoa-au-bacon-chevre-et-potimarron-d-hiver.jpg']}"
Joue de lotte au curry,"Si le curry de poisson est un classique de la cuisine facile, les joues de lotte au curry en sont une variante aussi gourmande qu’originale. Leur truc en plus ? Elles cuisent vite, combinent saveurs délicates et texture fondante sous une sauce onctueuse à la couleur ensoleillée. Le tout, avec le parfum doucement sucré du lait de coco pour sublimer la recette !Voir plusVoir moins",N/A,"{'Lotte': '600 g', 'Lait de coco': '10 cl', 'Citron(s) vert(s)': '2', 'Curry': '2 c. à café', 'Piment rouge': '0,5', ""Huile d'olive"": '1 c. à soupe', 'Sel': '1 c. à café', 'Basilic frais': '', 'Sel, poivre': ''}",Total :25 min,Total :25 min,"Étape 1Épépinez et émincez le piment. Prélevez le zeste d'un citron et pressez les deux. Placez les joues de lotte dans un plat avec le jus des citrons, le piment, le curry et le sel. Mélangez et laissez mariner 1h au frais.
Étape 2Faites chauffer l'huile dans une poêle et faites-y revenir les joues de lotte égouttées, environ 4 min sur chaque face. Ajoutez le lait de coco, le zeste de citron et la marinade. Mélangez, salez, poivrez et parsemez de coriandre ou de basilic. Servez avec du riz.","{'sources': [], 'image_principale': {'url': 'https://img.cuisineaz.com/660x495/2019/11/04/i150650-joue-de-lotte-au-curry.jpeg', 'alt': 'Joue de lotte au curry'}, 'fichiers_telecharges': ['images_tartiflette\\i150650-joue-de-lotte-au-curry.jpeg']}"
Frittata aux épinards et aux champignons,N/A,N/A,"{""Pousse(s) d'épinard"": '2 poignée(s)', 'Champignon(s) de paris': '250 g', 'Œuf(s)': '8', 'Ricotta': '250 g', 'Basilic': '2 c. à soupe', ""Huile d'olive"": '2 c. à soupe', 'Sel poivre': ''}",Total :40 min,Total :40 min,"Étape 1Lavez et séchez les pousses d’épinards. Nettoyez et épongez les champignons de Paris puis émincez-les finement.
Étape 2Faites chauffer l'huile d'olive dans une poêle sur feu moyen. Jetez-y les pousses d'épinards et le basilic ciselé. Laissez cuire 1 à 2 min en mélangeant bien. Ajoutez les lamelles de champignons. Continuez la cuisson encore 2 à 3 min jusqu'à ce qu'ils aient rendu toute leur eau.
Étape 3Pendant ce temps, battez les oeufs avec la ricotta, du sel et du poivre dans un saladier. Versez le tout sur les légumes dans la poêle et laissez cuire 10 minutes.
Étape 4Retournez la frittata à l'aide d'une grande assiette et poursuivez la cuisson encore 10 minutes. Servez chaud accompagné d'une salade verte assaisonnée.","{'sources': [], 'image_principale': {'url': 'https://img.cuisineaz.com/660x495/2016/05/09/i93652-frittata-aux-epinards-et-aux-champignons.jpg', 'alt': 'menu Batch Cooking du 1er avril au 5 avril'}, 'fichiers_telecharges': ['images_tartiflette\\i93652-frittata-aux-epinards-et-aux-champignons.jpg']}"
Tian de légumes à la provençale,"L’été sonne le grand retour des grillades au barbecue. Quoi de mieux qu'un tian de légumes à la provençale pour les accompagner ? Épatez vos convives avec une mosaïque colorée composée de belles tomates, de courgettes vertes et jaunes, d’aubergines, d’oignon, de poivron, d’un peu d'herbes de Provence, le tout arrosé bien sûr d’un généreux filet huile d’olive. Une recette facile, rapide et très vitaminée prête en un tour de four !Voir plusVoir moins",Variantes,"{'Tomate(s)': '4', 'Courgette verte': '2', 'Courgette jaune(s)': '2', 'Aubergine(s)': '2', 'Poivron(s) jaune(s)': '1', 'Oignon(s)': '1', 'Ail': '4 gousse(s)', 'Persil ciselé': '0,5 bouquet(s)', 'Laurier': '2 feuilles', 'Thym frais': '1 branche(s)', 'Romarin': '1 branche(s)', 'Basilic': '8 feuilles', ""Huile d'olive"": '4 c. à soupe', 'Gros sel': '1 c. à soupe', 'Sel fin': '1 pincée(s)', 'Poivre du moulin': '1 pincée(s)'}",Total :1 h 30 min,Total :1 h 30 min,"Étape 1Préchauffez votre four th.6 (180°C). Lavez les aubergines. Découpez-les en rondelles et placez-les à dégorger dans un saladier avec le gros sel pendant environ 20 min. Pendant ce temps, lavez le reste des légumes, épluchez-les et coupez-les en fines rondelles (sauf le poivron jaune que vous détaillerez en lanières). Au bout de 20 min, enlevez le sel des aubergines, rincez-les à l'eau froide et essuyez-les. Badigeonnez-les d'huile d'olive.
Étape 2Frottez un plat à four avec l’une des gousses d'ail et coupez les 3 autres en 4. Répartissez-les dans le fond du plat avec un filet d'huile d'olive. Disposez les rondelles de légumes en rangées, en les couchant légèrement et en les serrant bien. Ajoutez tous les légumes en les alternant : tomate, aubergine, courgette jaune et courgette verte, oignon et poivron jaune.
Étape 3Versez un filet d'huile d'olive et parsemez de persil, de thym, de romarin. Ajoutez le laurier. Salez et poivrez. Enfournez le tian de légumes à la provençale pour environ 1 heure. Les légumes doivent être bien fondants.
Étape 4À la sortie du four, décorez votre tian provençal de feuilles de basilic et servez-le bien chaud, en accompagnement de grillades par exemple.","{'sources': [], 'image_principale': {'url': 'https://img.cuisineaz.com/660x495/2019/08/07/i149736-tian-de-legumes-a-la-provencale.jpeg', 'alt': 'Tian de légumes à la provençale'}, 'fichiers_telecharges': ['images_tartiflette\\i149736-tian-de-legumes-a-la-provencale.jpeg']}"
Pâtes façon carbonara allégées,"Vous faites attention à votre ligne mais vous êtes gourmand ? Craquez pour ces pâtes façon carbonara allégées, elles ne vous feront pas prendre un gramme sur la balance ! Sans matières grasses, cette recette de pâtes vous accompagnera parfaitement au déjeuner pendant votre régime minceur. Facile et rapide à réaliser, ce plat vous donnera de nouveau le goût de manger, de manière saine et diététique.Voir plusVoir moins",Variantes,"{'Spaghettis': '500 g', 'allumette(s) de jambon': '200 g', 'Gros Oignon(s) rouge(s)': '1', ""Jaune(s) d'œuf(s)"": '1', 'Parmesan': '200 g', 'Lait écrémé': '10 cl', 'Muscade en poudre': '1 pincée(s)', 'Sel, poivre': ''}",Total :25 min,Total :25 min,"Étape 1Dans une casserole, portez à ébullition un grand volume d'eau avec 1 c. à café de gros sel sur feu vif. Dès l’ébullition, baissez le feu à feu moyen et plongez les spaghettis dans l’eau bouillante. Défaites-les délicatement à l’aide d’une fourchette, puis laissez-les cuire en suivant le temps indiqué sur le paquet afin qu’elles soient al dente.
Étape 2Pendant ce temps, pelez et émincez finement l’oignon. Faites chauffer une grande poêle anti-adhésive sur feu moyen. Faites-y revenir l’oignon émincé et les allumettes de jambon pendant 5 min environ. Salez légèrement et poivrez selon vos goûts. Retirez la poêle du feu et réservez.
Étape 3Quand les pâtes sont cuites, égouttez-les dans une passoire et replacez-les dans la casserole. Dans un bol, fouettez le jaune d’œuf avec le parmesan puis l'intégrer dans les pâtes encore chaudes. Mélangez le tout jusqu'à bonne consistance. Ajoutez alors l'oignon émincé et les allumettes de jambon cuits puis servez.","{'sources': [], 'image_principale': {'url': 'https://img.cuisineaz.com/660x495/2014/01/14/i67265-pates-facon-carbonara-allegees.jpg', 'alt': 'Pâtes façon carbonara allégées'}, 'fichiers_telecharges': ['images_tartiflette\\i67265-pates-facon-carbonara-allegees.jpg']}"
Lasagnes bolognaise légères,"Une folle envie de pâtes mais quelles sortes ? Et si vous réalisiez une recette de lasagnes bolognaise légères ? Facile à réaliser, vous allez faire des heureux avec vos lasagnes allégées et gourmandes. Idéales pour un repas diététique, tout le monde y trouve son compte !Voir plusVoir moins",Variantes,"{'Lasagne(s)': '8 plaque(s)', 'Lait écrémé': '0,5 l', 'Bœuf haché 5% de matière grasse': '300 g', 'Carotte(s)': '2', 'Courgette(s)': '1', 'Ail': '1 gouttes', 'Pulpe de tomate': '2 boîte(s)', 'Champignon(s) de paris': '1 boîte(s)', 'Parmesan râpé': '30 g', 'Maïzena': '1 c. à soupe', 'Fond de volaille': '1 c. à soupe', ""Huile d'olive"": '1 c. à soupe', 'Noix de muscade': '1', 'Sel, poivre': ''}",Total :1 h 10 min,Total :1 h 10 min,"Étape 1Préchauffez le four th.7 (200°C). Lavez les légumes. Coupez en rondelles la courgette et râpez les carottes. Hachez l'ail. Puis, émincez les champignons. Dans une sauteuse, faites revenir la viande avec l'huile d'olive et les champignons finement émincés. Réservez. Dans cette même sauteuse, versez le contenu des boîtes de pulpe de tomates, les carottes râpées, les courgettes taillées en rondelles, la gousse d'ail écrasée. Salez, poivrez et ajoutez la noix de muscade râpée. Laisser mijoter 15 min puis ajoutez la préparation à la viande et aux champignons. Vous avez une sauce tomate et viande.
Étape 2Préparez la béchamel allégée en diluant dans une casserole le fond de volaille et la maïzena dans un peu de lait. Ajoutez le reste du lait et faites chauffer à feu moyen sans cesser de mélanger. Quand le mélange épaissit, ôtez du feu. Faites cuire dans de l'eau bouillante les plaques de lasagne 8 min et réservez.
Étape 3Dans un plat à gratin, versez un peu de sauce tomate et viande hachée avec une louche, puis disposez une couche de lasagnes et une couche de béchamel. Renouvelez 3 fois l'opération. Saupoudrez de parmesan râpé et enfournez 20 à 25 min à 180° (th.6) en surveillant la cuisson.","{'sources': [], 'image_principale': {'url': 'https://img.cuisineaz.com/660x495/2016/11/15/i113517-lasagnes-bolognaise-legeres.jpg', 'alt': 'Lasagnes bolognaise légères'}, 'fichiers_telecharges': ['images_tartiflette\\i113517-lasagnes-bolognaise-legeres.jpg']}"
Omelette légère aux épinards facile,"Une omelette légère aux épinards pour un repas léger et diététique vous tente? Alors réalisez cette recette facile d'omelette composée d'oeuf, d'épinards, de fromage râpé et d'ail. Ce repas faible en glucide sera ainsi parfait dans le cadre d'un régime par exemple ou d'un diner léger.Voir plusVoir moins",Variantes,"{'Œuf(s)': '6', 'Épinards (surgelé)': '350 g', 'Fromage râpé': '30 g', 'Ail': '2 gousse(s)', 'Huile': '1 c. à soupe', 'Sel poivre': ''}",Total :40 min,Total :40 min,"Étape 1Hachez les gousses d'ail et faites cuire le tout dans une poêle avec l'huile. Ajoutez les épinards et laissez mijoter 10 à 12 min à feu doux, selon le temps indiqué sur le sachet de congélation.
Étape 2Pendant ce temps, cassez les oeuf et battez à l'aide d'un fouet les œufs dans un récipient avec le fromage râpé puis salez et poivrez.
Étape 3Versez cette préparation directement sur les épinards, mélangez la préparation jusqu’à ce que les œufs soient cuits à votre goût. Enfin servez aussitôt votre omelette aux épinards et fromage.","{'sources': [], 'image_principale': {'url': 'https://img.cuisineaz.com/660x495/2013/12/20/i36688-omelette-aux-epinards.jpeg', 'alt': 'Omelette légère aux épinards facile'}, 'fichiers_telecharges': ['images_tartiflette\\i36688-omelette-aux-epinards.jpeg']}"
Fondue de poireaux allégée,"On se lance avec cette nouvelle recette de fondue de poireaux light. En période de régime, le poireau gagne en succès grâce à son rôle dans la perte de poids et de coupe-faim naturel. On prend plaisir à savourer cette fondue de poireaux diététique et amincissante qui nous fait du bien. Fini la peur des calories, une petite touche de douceur dans cette recette aujourd'hui.Voir plusVoir moins",N/A,"{'Poireau(x)': '4', 'Crème fraîche': '1 c. à soupe', 'Gruyère râpé': '1 poignée(s)', 'Noix de muscade': '', 'Sel, poivre': '', 'Margarine': 'noix'}",Total :30 min,Total :30 min,"Étape 1Lavez et coupez les poireaux en rondelles. Faites-les blanchir dans un grand volume d'eau salée porté à ébullition. Puis, laissez cuire 15 min jusqu'à ce que les poireaux soient tendres. Les rafraîchir dans de l'eau glacée pour qu'ils gardent de leur couleur. Puis égouttez-les.
Étape 2Dans une casserole, faites revenir les poireaux avec une noix de margarine. Ajoutez la crème fraîche et le gruyère. Salez, poivrez et ajoutez la noix de muscade râpée. Mélangez le tout.
Étape 3Servez avec du jambon ou un filet de dinde.","{'sources': [], 'image_principale': {'url': 'https://img.cuisineaz.com/660x495/2017/03/23/i123608-fondue-de-poireaux-allegee.jpeg', 'alt': 'Fondue de poireaux allégée'}, 'fichiers_telecharges': ['images_tartiflette\\i123608-fondue-de-poireaux-allegee.jpeg']}"
"Salade de riz minceur au tofu, tomates et olives","Et si on préparait notre été tout en continuant le régime ? Avec la salade de riz minceur, plus besoin d'avoir peur de grossir. Cette recette de salade à base de riz long et de tofu est parfaite pour un déjeuner tout en légèreté. Le tofu peu calorique et riche en fer ne nous fera pas prendre de kilos. Marié avec le riz, il nous apporte les valeurs nutritives nécessaires à notre corps. Il est donc essentiel de manger des salades de riz de temps en temps. Alors prêts pour 10 min chrono de préparation ?Voir plusVoir moins",Variantes,"{'Riz long': '150 g', 'Tofu': '150 g', 'Tomate(s)': '3', 'Olives vertes': '30 g', 'Basilic': 'Quelques feuilles', ""Huile d'olive"": '3 c. à soupe', 'Vinaigre balsamique': '1 c. à soupe', 'Sel, poivre': ''}",Total :30 min,Total :30 min,"Étape 1Lavez le riz à l'eau froide pour enlever l'amidon. Dans une casserole, versez 3 volumes d'eau pour 1 volume de riz. Faites-le cuire comme indiqué sur le paquet. Égouttez-le et laissez refroidir.
Étape 2Lavez et coupez les tomates en quartiers. Coupez le tofu en petits dès. Dans un saladier, mélangez tous les ingrédients de la salade.
Étape 3Préparez une vinaigrette avec l'huile, le vinaigre, le sel et le poivre. Versez-la sur la salade et mélangez bien. Gardez au frais. Lavez et ciselez le basilic. Au moment de servir, décorez avec les olives vertes et le basilic ciselé.","{'sources': [], 'image_principale': {'url': 'https://img.cuisineaz.com/660x495/2013/12/20/i30340-salade-de-riz-minceur-au-tofu-tomates-et-olives.jpeg', 'alt': 'Salade de riz minceur au tofu, tomates et olives'}, 'fichiers_telecharges': ['images_tartiflette\\i30340-salade-de-riz-minceur-au-tofu-tomates-et-olives.jpeg']}"
Mousse de poire Nashi et amande à l’agar-agar,N/A,Variantes,"{'Amande(s)': '40 g', 'Poire(s)': '4', ""Purée d'amande"": '2 c. à soupe', 'Sucre': '2 c. à soupe', 'Agar-agar': '2 g', 'Crème liquide': '15 cl'}",Total :20 min,Total :20 min,"Étape 1Dans une poêle, faites griller les amandes. Réservez.
Étape 2Dans un saladier, mixez les poires épluchées et coupées en cubes avec la purée d’amande, jusqu’à l’obtention d’une purée.
Étape 3Dans une casserole, portez à ébullition la crème liquide, le sucre et l’agar-agar. Laissez bouillir pendant 1 minute.
Étape 4Versez sur les poires et mixez jusqu’à l’obtention d’une consistance mousseuse.
Étape 5Répartissez dans des ramequins et réservez au frais pendant 1 heure minimum. Servez parsemé d’amandes concassées.","{'sources': [], 'image_principale': {'url': 'https://img.cuisineaz.com/660x495/2017/10/31/i133693-mousse-de-poire-nashi-et-amande-a-l-agar-agar.jpeg', 'alt': 'Mousse de poire Nashi et amande à l’agar-agar '}, 'fichiers_telecharges': ['images_tartiflette\\i133693-mousse-de-poire-nashi-et-amande-a-l-agar-agar.jpeg']}"
Compote de mangue et fromage blanc en verrine,N/A,Variantes,"{'Mangue(s)': '500 g', 'Fromage blanc': '500 g', 'Sucre vanillé': '2 sachet(s)', 'Sucre': '30 g'}",Total :15 min,Total :15 min,"Étape 1Pelez la mangue, retirez le noyau et coupez la chair en morceaux. Placez-la dans une casserole, recouvrez d'eau et faites cuire durant 30 min.
Étape 2Ajoutez le sucre hors du feu et faites réduire la compote à feu moyen, en remuant régulièrement, durant 10 min.
Étape 3Dans un saladier, mélangez le fromage blanc et le sucre vanillé.
Étape 4Répartissez la préparation fromage blanc ans des verrines et versez de la compote de mangue par-dessus. Servez frais.","{'sources': [], 'image_principale': {'url': 'https://img.cuisineaz.com/660x495/2014/01/13/i75651-compote-de-mangue-et-fromage-blanc-en-verrine.jpg', 'alt': 'Compote de mangue et fromage blanc en verrine'}, 'fichiers_telecharges': ['images_tartiflette\\i75651-compote-de-mangue-et-fromage-blanc-en-verrine.jpg']}"
Poire au yaourt à la menthe,N/A,N/A,"{'Poire(s)': '2', 'Yaourt(s) (nature)': '250 g', 'Sucre': '2 c. à café', 'Menthe fraîche': '1 poignée(s)', 'Beurre': ''}",Total :10 min,Total :10 min,"Étape 1Pelez et coupez en deux les poires, retirez le coeur de chaque moitié. Lavez et épongez les feuilles de menthe. Ciselez-les finement, sauf quelques feuilles pour la décoration.
Étape 2Faites fondre une noix de beurre dans une poêle. Faites-y revenir les demi-poires jusqu'à coloration puis retirez de la poêle et laissez refroidir.
Étape 3Mélangez le yaourt, le sucre et les feuilles de menthe ciselées. Répartissez ce mélange dans le creux des poires. Placez au frais jusqu'à la dégustation et décorez avec les feuilles de menthe réservées.","{'sources': [], 'image_principale': {'url': 'https://img.cuisineaz.com/660x495/2015/11/02/i93044-poire-au-yaourt-a-la-menthe.jpg', 'alt': 'Poire au yaourt à la menthe'}, 'fichiers_telecharges': ['images_tartiflette\\i93044-poire-au-yaourt-a-la-menthe.jpg']}"
Carpaccio d'orange,Postée par Isabelle de VersaillesVoir plusVoir moins,Variantes,"{'Orange(s)': '4', ""Fleur d'oranger"": '1 c. à soupe', 'Vinaigre balsamique': '1 c. à soupe', 'Menthe': 'feuilles', 'Bâton de cannelle': '1', 'Sucre glace': ''}",Total :15 min,Total :15 min,"Étape 1Pelez les oranges et enlevez la pellicule recouvrant la pulpe. Coupez-les en tranches.
Étape 2Mettez les tranches dans un récipient avec la fleur d'oranger et le vinaigre balsamique, filmez et mettez au réfrigérateur pour la nuit.
Étape 3Dressez les tranches sur une assiette et décorez avec quelques feuilles de menthe.","{'sources': [], 'image_principale': {'url': 'https://img.cuisineaz.com/660x495/2013/12/20/i24550-carpaccio-d-oranges.jpg', 'alt': ""Carpaccio d'oranges""}, 'fichiers_telecharges': ['images_tartiflette\\i24550-carpaccio-d-oranges.jpg']}"
Panna cotta light au coulis de fruits rouges,"Une panna cotta light pour un dessert très léger sans sucre. C'est ce que nous vous proposons avec cette recette qui ressemble à s'y méprendre à un flan. Composée de fruits rouges, de crème liquide et de vanille, c'est une recette facile à réaliser que vous pourrez également accompagner d'un coulis de framboise ou de fruits au choix.Voir plusVoir moins",Variantes,"{'Fruit(s) rouge(s) surgelé(s)': '250 g', 'Crème liquide légère': '50 cl', 'Édulcorant en poudre': '35 g', 'Vanille liquide': '1 c. à café', 'Gélatine': '3 feuilles'}",Total :15 min,Total :15 min,"Étape 1Nettoyez et épongez les fruits rouges. Mixez-les avec un peu d'eau dans un blender jusqu'à obtenir un coulis. Réservez-le de côté.
Étape 2Faites ramollir les feuilles de gélatine dans un bol d'eau froide. Faites chauffer et portez à ébullition la crème liquide, l'édulcorant et l'arôme de vanille dans une casserole à feu doux. Retirez du feu, ajoutez la gélatine ramollie en mélangeant bien. Versez la crème dans des moules en silicone. Réfrigérez pendant 3 heures.
Étape 3Au moment de servir, démoulez les panna cotta dans les assiettes et nappez-les avec le coulis des fruits rouges. Décorez avec des fruits rouges entiers et des feuilles de menthe fraîche. Dégustez aussitôt vos panna cotta légère.","{'sources': [], 'image_principale': {'url': 'https://img.cuisineaz.com/660x495/2015/11/02/i79714-recette-panna-cotta-light-au-coulis-de-fruits-rouges.jpg', 'alt': 'recette-Panna cotta light au coulis de fruits rouges'}, 'fichiers_telecharges': ['images_tartiflette\\i79714-recette-panna-cotta-light-au-coulis-de-fruits-rouges.jpg']}"
Crème à la noix de coco au Thermomix,"Amateurs de noix de coco, voici une recette facile qui va vous enchanter ! La crème à la noix de coco au Thermomix est en effet un dessert gourmand, qui sera apprécie en fin de repas !Voir plusVoir moins",Variantes,"{'Lait de coco': '250 g', 'Lait écrémé': '250 g', 'Œuf(s)': '1', 'Noix de coco râpée(s)': '20 g', 'Maïzena': '15 g', 'Sucre en poudre': '60 g', 'Sucre vanillé': '1 sachet(s)'}",Total :10 min,Total :10 min,"Étape 1Versez le lait de coco, le lait écrémé, 1 oeuf, la noix de coco râpée (facultatif), la Maïzena, le sucre en poudre et le sucre vanillé dans le bol du Thermomix. Programmez 9 min 30 sec/90°C/vitesse 3 puis mélangez 30 sec/vitesse 5.
Étape 2Transvasez le contenu du bol dans des verrines ou dans des petits pots.
Étape 3Laissez refroidir et saupoudrez si vous le souhaitez d'un peu de noix de coco râpée.
Étape 4Réservez au frigo pendant au moins 4 h.","{'sources': [], 'image_principale': {'url': 'https://img.cuisineaz.com/660x495/2018/12/17/i145306-creme-a-la-noix-de-coco-thermomix.jpeg', 'alt': 'Crème à la noix de coco Thermomix'}, 'fichiers_telecharges': ['images_tartiflette\\i145306-creme-a-la-noix-de-coco-thermomix.jpeg']}"
Gâteau léger aux poires,"Voici un délicieux gâteau léger aux poires qui sera le bienvenu à l’heure du goûter et du dessert. Simple et rapide à réaliser, ce savoureux gâteau est particulièrement moelleux et fondant. Il ne contient pas de beurre, ce qui vous permettra de vous faire plaisir sans culpabiliser. L’idéal est d’utiliser des poires fraîches pour un gâteau particulièrement fruité. Mais si ce n’est pas la saison, des poires au sirop feront également l’affaire.Voir plusVoir moins",Variantes,"{'Yaourt(s) nature 0%': '200 g', 'Farine': '40 g', 'Œuf(s)': '3', 'Sucre en poudre': '40 g', 'Poire(s)': '3', 'Levure chimique': '1 Sachet', 'Sucre vanillé': '1 Sachet', 'Sel': '1 pincée(s)'}",Total :45 min,Total :45 min,"Étape 1Pelez, épépinez et coupez les poires en dés. Disposez-les dans un moule à gâteau en silicone. Réservez.
Étape 2Séparez les blancs des jaunes d’œufs. Disposez les jaunes dans un saladier, ajoutez le sucre en poudre et le sucre vanillé. Fouettez jusqu’à ce que le mélange blanchisse. Ajoutez le yaourt nature, la farine et la levure chimique. Mélangez bien jusqu’à obtention d’une pâte homogène.
Étape 3Montez les blancs d’œufs en neige ferme et incorporez-les délicatement à la préparation à l’aide d’une maryse. Versez la pâte dans le moule à gâteau de façon à recouvrir les poires.
Étape 4Enfournez le gâteau aux poires pendant 30 minutes environ (four préchauffé à 180°C). Vérifiez la cuisson à l’aide d’une lame de couteau : elle doit ressortir propre et sèche. Faites refroidir le gâteau avant de le démouler. Dégustez froid.","{'sources': [], 'image_principale': {'url': 'https://img.cuisineaz.com/660x495/2018/02/08/i135527-gateau-leger-aux-poires.jpeg', 'alt': 'Gâteau léger aux poires'}, 'fichiers_telecharges': ['images_tartiflette\\i135527-gateau-leger-aux-poires.jpeg']}"
Pamplemousse grillé,N/A,N/A,"{'Pamplemousse rose': '4', ""Miel d'acacia"": '4 c. à café', 'Beurre salé': '80 g'}",Total :20 min,Total :20 min,"Étape 1Préchauffez le four, th.6 (180°C).
Étape 2Coupez en 2 les pamplemousses. Badigeonnez-les d’une fine couche de miel et couvrez-les de lamelles de beurre salé.
Étape 3Posez-les dans un plat, enfournez-les à mi-hauteur, et faites-les griller. Dégustez chaud.","{'sources': [], 'image_principale': {'url': 'https://img.cuisineaz.com/660x495/2013/12/20/i20875-pamplemousse-grille.jpeg', 'alt': 'Pamplemousse grillé'}, 'fichiers_telecharges': ['images_tartiflette\\i20875-pamplemousse-grille.jpeg']}"
Carpaccio d'ananas au gingembre,"Le carpaccio d'ananas au gingembre est une recette qui réveille les papilles. Idéal pour pour les fins de repas, les goûters ou encas sucrés. Petits et grands gourmands adoreront.Voir plusVoir moins",Variantes,"{'Ananas': '1', 'Gingembre frais': '10 g', 'Citron(s)': '1'}",Total :15 min,Total :15 min,"Étape 1Lavez, épluchez et coupez l'ananas. Ôtez le cœur avec un emporte pièce et tranchez en fines rondelles. Prélevez le jus du citron et son zeste. Râpez le gingembre.
Étape 2Disposez les tranches d'ananas dans un plat. Saupoudrez de gingembre râpé, de zestes de citron et arrosez de jus du citron. Mélangez et laissez au frais 2 heures avant de servir.","{'sources': [], 'image_principale': {'url': 'https://img.cuisineaz.com/660x495/2024/02/19/i197422-carpaccio-d-ananas-au-gingembre.jpg', 'alt': ""Carpaccio d'ananas au gingembre""}, 'fichiers_telecharges': ['images_tartiflette\\i197422-carpaccio-d-ananas-au-gingembre.jpg']}"
Mousse de yaourt aux fruits rouges en bocal,N/A,Variantes,"{'Fruit(s) rouge(s)': '300 g', 'Yaourt': '4', 'Orange(s)': '1', 'Sucre': '2 c. à soupe'}",Total :10 min,Total :10 min,"Étape 1Pressez le jus de l’orange.
Étape 2Mixez les fruits rouges avec le jus, le sucre et les yaourts.
Étape 3Répartissez dans des bocaux et réservez au frais.","{'sources': [], 'image_principale': {'url': 'https://img.cuisineaz.com/660x495/2016/05/14/i75676-mousse-de-yaourt-aux-fruits-rouges-en-bocal.jpg', 'alt': 'Mousse de yaourt aux fruits rouges en bocal'}, 'fichiers_telecharges': ['images_tartiflette\\i75676-mousse-de-yaourt-aux-fruits-rouges-en-bocal.jpg']}"
Soufflé de fromage blanc au jus d'orange,N/A,Variantes,"{'Fromage blanc': '400 g', 'Orange(s)': '2', 'Sucre semoule': '2 c. à soupe', 'Blanc(s) d’œuf(s)': '2', 'Sel': ''}",Total :10 min,Total :10 min,"Étape 1Dans un grand récipient, fouettez le fromage avec le sucre semoule.
Étape 2Lavez les oranges, prélevez les zestes et pressez le jus. Ajoutez le jus d’orange à la préparation fromage-sucre et mélangez le tout.
Étape 3Montez les blancs d'œufs en neige bien ferme avec une pincée de sel. Incorporez-les au mélange fromage-sucre-jus, délicatement, à l’aide d’une spatule.
Étape 4Répartissez la préparation dans 4 ramequins beurrés. Décorez de zestes d'orange et placez au frigo pour 1 h. Servez bien frais.","{'sources': [], 'image_principale': {'url': 'https://img.cuisineaz.com/660x495/2016/09/13/i93255-souffle-de-fromage-blanc-au-jus-d-orange.jpg', 'alt': ""Soufflé de fromage blanc au jus d'orange""}, 'fichiers_telecharges': ['images_tartiflette\\i93255-souffle-de-fromage-blanc-au-jus-d-orange.jpg']}"
Tomates farcies au four,"Les tomates farcies au four sont des grosses tomates vidées puis remplies de chair à saucisse et de persil. Et enfin cuites au four. Vous pouvez les décliner à l'infini, mais la recette classique est vraiment simple et rapide à faire! Alors, allumez votre four! C'est parti!Voir plusVoir moins",Variantes,"{'Chair à saucisse(s)': '200 g', 'Tomate(s)': '4', 'Persil': '1 bouquet(s)', 'Oignon(s)': '1', 'Ail': '1 Gousse', 'Chapelure': '2 c. à soupe', 'Lait': '3 c. à soupe', ""Huile d'olive"": '1 c. à soupe', 'Sel poivre': ''}",Total :40 min,Total :40 min,"Étape 1Préchauffez votre four à 150°C mode en chaleur tournante.
Étape 2Commencez par ouvrir vos grosses tomates en coupant la partie supérieure à environ 1cm de la queue. Videz-les à l'aide d'une cuillère à thé. Réservez la pulpe dans un grand bol.
Étape 3Préparez la farce : égermez la gousse d'ail et hachez-la finement. Émincez finement l'oignon et faites le revenir dans une poêle avec l'ail et l'huile d'olive, jusqu'à ce qu'il blondisse. Placez dans le bol du mixer la pulpe de tomate, l'oignon et les feuilles du bouquet de persil. Salez et poivrez. Puis mixez finement. Mélangez la préparation obtenue avec la chair à saucisse jusqu'à obtenir une farce homogène.
Étape 4À l'aide d'une cuillère à thé, remplissez entièrement les tomates avec votre farce. La farce doit dépasser légèrement. Déposez les ""couvercles"" sur la farce pour reformer les tomates.
Étape 5Enfournez à mi-hauteur pendant 30 à 40 minutes, selon la taille des tomates. Servez vos tomates farcies au four avec un peu de riz, ou des patates cuites à la vapeur.","{'sources': [], 'image_principale': {'url': 'https://img.cuisineaz.com/660x495/2017/06/12/i128204-tomates-farcies-au-four.jpeg', 'alt': 'Tomates farcies au four'}, 'fichiers_telecharges': ['images_tartiflette\\i128204-tomates-farcies-au-four.jpeg']}"
Gratin de courgettes simple,"Envie d'un plat réconfortant et équilibré à la fois ? Cap sur un savoureux gratin de courgettes, qui concilie à merveille bienfaits nutritionnels et régal des papilles. En mettant à l’honneur une cucurbitacée peu calorique et riche en fibres, il permet d’alléger le généreux duo fromage-crème de l’appareil. Exquis avec une salade verte croquante pour se faire plaisir tout en gardant la ligne, il sait aussi ruser comme personne pour faire manger des légumes aux enfants !Voir plusVoir moins",Variantes,"{'Courgette(s)': '5', 'Œuf(s)': '1', 'Crème fraîche': '20 cl', 'Gruyère râpé': '150 g', 'Beurre': '1 noix', 'Sel': '2 pincée(s)', 'Poivre': '1 pincée(s)'}",Total :35 min,Total :35 min,"Étape 1Lavez les courgettes, essuyez-les et épluchez-les en laissant des petites bandes de peau. Coupez-les ensuite en rondelles.
Étape 2Faites bouillir de l'eau salée dans une casserole, et plongez-y les courgettes pendant 5 min. Pendant ce temps, mélangez l'œuf, la crème fraîche, 100 g de gruyère râpé, le sel et le poivre dans un saladier.
Étape 3Préchauffez le four th.6-7 (200°C). Égouttez les courgettes et disposez-les dans un plat à gratin. Recouvrez les légumes avec l’appareil, parsemez le dessus du reste de gruyère râpé, et enfournez pour 25 min.
Étape 4Servez votre gratin de courgettes sans attendre.","{'sources': [], 'image_principale': {'url': 'https://img.cuisineaz.com/660x495/2019/08/07/i149734-gratin-de-courgettes-simple.jpeg', 'alt': 'Gratin de courgettes simple'}, 'fichiers_telecharges': ['images_tartiflette\\i149734-gratin-de-courgettes-simple.jpeg']}"
Salade de choux japonaise,N/A,N/A,"{'Chou blanc': '1', 'Vinaigre de riz': '30 cl', 'Cassonade': '3 c. à soupe', 'Nuoc mâm': '2 c. à soupe', 'Huile neutre': '3 c. à soupe', 'Graine de sésame blanc': '', 'Sauce soja': '1 c. à thé', 'Sel fin': ''}",Total :45 min,Total :45 min,"Étape 1Coupez le chou finement et mettez-le dans un grand saladier contenant de l'eau froide et 1 c. à soupe de sel. Laissez baigner pendant 20 min.
Étape 2Versez dans un bol le vinaigre de riz, le sucre et une pincée de sel. Battez-les doucement avec une fourchette.
Étape 3Égouttez le chou et remettez-le dans le saladier préalablement séché, puis arrosez-le avec la marinade et mélangez avec les mains. Laissez mariner durant 4 h.
Étape 4Pressez le chou entre les mains pour en extraire le maximum de jus (à jeter).  Déposez le chou dans un autre saladier. Émulsionnez le nuoc-mam, l'huile et la sauce soja. Versez cette vinaigrette sur le chou, mélangez et parsemez de graines de sésame.","{'sources': [], 'image_principale': {'url': 'https://img.cuisineaz.com/660x495/2023/04/11/i192592-salade-de-choux-japonaise.jpg', 'alt': 'salade de choux japonaise'}, 'fichiers_telecharges': ['images_tartiflette\\i192592-salade-de-choux-japonaise.jpg']}"
Crumble aux tomates et au parmesan,Rencontrez le crumble aux tomates et au parmesan : une alliance surprenante et délicieuse. l'acidité de la tomate rencontre le croustillant du crumble pour un résultat qui vous fera tomber amoureux.Voir plusVoir moins,Variantes,"{'Tomate(s)': '6', 'Basilic': '1 bouquet(s)', 'Oignon(s)': '1', 'Ail': '1 Gousse', 'Farine': '100 g', 'Chapelure': '50 g', 'Parmesan': '100 g', 'Sucre': '1 c. à soupe', 'Beurre demi-sel': '100 g', ""Huile d'olive"": '4 c. à soupe', 'Sel poivre': ''}",Total :35 min,Total :35 min,"Étape 1Préchauffez le four th.6/7 (190°C).
Étape 2Coupez les tomates en cubes, épépinez-les puis coupez l'oignon en lamelles. Epluchez et émincez l'ail.
Étape 3Faites fondre les lamelles d'oignon dans un peu d'huile d'olive, puis ajoutez les cubes de tomate et l'ail. Saupoudrez de sucre et de sel puis laissez réduire à feu doux 10 min.
Étape 4Coupez finement les feuilles de basilic dans un bol, ajoutez 2 c. à soupe d'huile d'olive et 1 pincée de sel.
Étape 5Coupez le beurre en petits morceaux et laissez-le ramollir. Râpez le parmesan.
Étape 6Versez la farine et la chapelure dans le saladier. Ajoutez-y le beurre ramolli et le parmesan puis travaillez-le du bout des doigts de maniére à obtenir une pâte qui ressemble à du gros sable. Dans un plat allant au four, étalez les tomates. Recouvrez-les de basilic puis de la pâte.
Étape 7Enfournez pendant 10 min.","{'sources': [], 'image_principale': {'url': 'https://img.cuisineaz.com/660x495/2016/04/28/i25624-crumble-aux-tomates-et-au-parmesan.jpg', 'alt': 'crumble aux tomates et au parmesan'}, 'fichiers_telecharges': ['images_tartiflette\\i25624-crumble-aux-tomates-et-au-parmesan.jpg']}"
Velouté de carottes au cumin,N/A,Variantes,"{'Carotte(s)': '1 kg', 'Pomme(s) de terre': '1', 'Oignon(s)': '1', 'Crème liquide': '20 cl', 'Eau': '0,75 l', 'Beurre': '20 g', 'Curry': '0,5 c. à café', 'Cumin': '0,5 c. à café', 'Sel de Guérande': ''}",Total :35 min,Total :35 min,"Étape 1Emincez l'oignon.
Étape 2Faites fondre le beurre dans une cocotte minute, puis ajoutez l'oignon.
Étape 3Faites dorer.
Étape 4Ajoutez les carottes et la pomme de terre préalablement coupés en morceaux.
Étape 5Faites cuire ainsi 5 min.
Étape 6Ajoutez l'eau, ainsi que le curry et le cumin. Fermez la cocotte et faites cuire 20 min après la montée en pression.
Étape 7Il ne reste plus qu'à mixer le tout en y ajoutant la crème liquide.","{'sources': [], 'image_principale': {'url': 'https://img.cuisineaz.com/660x495/2015/02/13/i92971-veloute-de-carottes-au-cumin.jpg', 'alt': 'Velouté de carottes au cumin'}, 'fichiers_telecharges': ['images_tartiflette\\i92971-veloute-de-carottes-au-cumin.jpg']}"
Tarte à la carotte facile,Un délice et équilibréVoir plusVoir moins,Variantes,"{'Pâte(s) brisée(s)': '1', 'Carotte(s)': '6', 'Oignon(s)': '1', 'Botte(s) de persil': '1', 'Moutarde forte': '', 'Gruyère râpé': '', 'Œuf(s)': '3', 'Crème fraîche': '3 c. à soupe'}",Total :40 min,Total :40 min,"Étape 1Préchauffez le four à 200°c.
Étape 2Râpez les carotte et l'oignon. Dans une casserole faites les revenir avec le persil ciselé et cuire à feu doux pendant 15 min.
Étape 3Foncez le moule à tarte avec la pâte, et la piquer.
Étape 4Étalez un peu de moutarde sur le fond de tarte puis un peu de gruyére. Versez l'appareil carotte. Préparez un flan avec les oeufs, la créme, saler et poivrer. Versez le tout sur la tarte et garnir de gruyére.
Étape 5Enfournez 30 min.","{'sources': [], 'image_principale': {'url': 'https://img.cuisineaz.com/660x495/2023/04/11/i192652-tarte-a-la-carotte.jpg', 'alt': 'tarte à la carotte'}, 'fichiers_telecharges': ['images_tartiflette\\i192652-tarte-a-la-carotte.jpg']}"
Flan de brocolis,N/A,Variantes,"{'Brocoli(s)': '600 g', 'Lait': '1 dl', 'Crème': '1 dl', 'Œuf(s)': '2', ""Jaune(s) d'œuf(s)"": '2', 'Beurre': '25 g', 'Muscade': '', 'Sel, poivre': ''}",Total :40 min,Total :40 min,"Étape 1Préchauffez le four à th.7 (200°C).
Étape 2Lavez les fleurettes de brocoli et ébouillantez-les dans de l'eau salée durant 15 min. Essorez-les et répartissez-les dans un plat à gratin beurré.
Étape 3Fouettez dans un saladier le lait, la crème, les œufs et les jaunes d’œufs. Ajoutez du sel, du poivre et de la muscade. Versez le tout sur les brocolis.
Étape 4Enfournez pour 30 min et servez chaud.","{'sources': [], 'image_principale': {'url': 'https://img.cuisineaz.com/660x495/2017/11/20/i134297-flan-de-brocolis.jpeg', 'alt': 'Flan de brocolis'}, 'fichiers_telecharges': ['images_tartiflette\\i134297-flan-de-brocolis.jpeg']}"
Chou-fleur entier rôti au four,"Un chou-fleur entier, cuit lentement au four, bien doré avec un petit côté croustillant et un cœur fondant plein de saveur. Une recette parfaite pour les vegan, pour un apéritif, en plat ou comme accompagnement !Voir plusVoir moins",Variantes,"{'Chou-fleur': '1', ""Huile d'olive"": '2 c. à soupe', 'Ail haché': '3 gousse(s)', 'Fleur de sel': '2 pincée(s)', 'Poivre du moulin': '2 pincée(s)', 'Persil ciselé': ''}",Total :1 h 15 min,Total :1 h 15 min,"Étape 1Préchauffez le four à 200 C. Coupez les plus grosses feuilles du chou-fleur puis coupez la tige à la base de manière à ce qu'il tienne droit. Lavez le chou-fleur et séchez-le.
Étape 2Placez-le sur une plaque de cuisson recouverte de papier sulfurisé et badigeonnez-le d’huile d’olive. Assaisonnez avec le sel et poivre. Emballez-le entièrement avec du papier cuisson (cela l’empêchera de noircir).
Étape 3Enfournez pour environ 1 h ou jusqu’à ce que le chou-fleur soit tendre quand vous le piquez. Retirez du four (attention quand vous retirez le papier sulfurisé à ne pas vous brûler avec la vapeur) !
Étape 4Dans un petit bol, mélangez l’huile d’olive avec les gousses d’ail hachées et le persil (en garder un peu pour la déco). Versez sur le chou-fleur. Enfournez pour 20 min de plus à découvert. À la sortie du four, servez aussitôt et parsemez d’un peu de persil ciselé.","{'sources': [], 'image_principale': {'url': 'https://img.cuisineaz.com/660x495/2013/12/20/i102393-chou-fleur-entier-roti-au-four.jpg', 'alt': 'Chou Fleur Entier Rôti au Four'}, 'fichiers_telecharges': ['images_tartiflette\\i102393-chou-fleur-entier-roti-au-four.jpg']}"
Purée de carottes,"Les joies d'une purée de carottes maison au bon goût de légumes, d'épices douces et de lait ! Ça change de la pomme de terre ou des légumes vapeur !  Un accompagnement sain et facile à faire, parfait avec une viande ou un poisson. Ou pourquoi pas une garniture de tarte salée, à enrichir de dinde, de poulet ou de boeuf haché.Voir plusVoir moins",Variantes,"{'Carotte(s)': '1 kg', 'Lait': '10 cl', 'Muscade': '1 c. à café', 'Piment doux': '1 c. à café', 'Graine de pavot': '1 c. à café', 'Sel poivre': ''}",Total :55 min,Total :55 min,"Étape 1Commencez par éplucher vos carottes et par les couper, grossièrement, puis mettez-les dans une grande casserole ou une marmite. Recouvrez d'eau, salez légèrement puis couvrez, portez à ébullition et laissez cuire environ 20 min à petits frémissements.
Étape 2Quand les carottes sont cuites (elles doivent pouvoir s'écraser à la fourchette), égouttez-les puis écrasez-les à l'aide d'une fourchette ou d'une presse-purée, tout en incorporant la crème pour donner à la purée une texture plus veloutée (vous pouvez aussi mixer la purée au mixeur à pied). Assaisonnez la purée avec la muscade, le piment doux (paprika) du sel et du poivre, et si vous la trouvez trop tiède, réchauffez-la à la casserole pendant quelques min tout en la remuant pour qu'elle n'attache pas.
Étape 3Servez-la chaude ou tiède, parsemée de pavot et de sésame, en accompagnement d'une viande ou d'un poisson. Ou pourquoi pas froide, comme un dip, pour tremper des tronçons de concombre ou des tomates cerises.","{'sources': [], 'image_principale': {'url': 'https://img.cuisineaz.com/660x495/2013/12/20/i108264-puree-de-carottes-aux-epices-douces.jpeg', 'alt': 'puree de carottes aux epices douces'}, 'fichiers_telecharges': ['images_tartiflette\\i108264-puree-de-carottes-aux-epices-douces.jpeg']}"
Ratatouille facile,"Grand classique de l’été, cette recette de ratatouille facile est un incontournable à savourer toute la saison ! Courgettes, poivrons, aubergines, tomates et oignons concentrent leurs saveurs dans cette poêlée délicieusement mijotée, parfumée d’estragon, de romarin, d’huile d’olive et d’ail. Servez-la chaude ou froide, avec les brochettes du barbecue, le poulet du dimanche ou le poisson du soir, à moins de jouer la simplicité en l’accompagnant simplement de pain grillé huilé et aillé. Quelle que soit la méthode, le plaisir est le même et la simplicité aussi, tant la recette est facile et rapide !Voir plusVoir moins",Variantes,"{'Tomate(s)': '5', 'Courgette(s)': '2', 'Oignon(s)': '2', 'Aubergine(s)': '2', 'Poivron(s) rouge(s)': '1', 'Poivron(s) jaune(s)': '1', 'Ail': '2 gousse(s)', ""Huile d'olive"": '6 c. à soupe', 'Concentré de tomate': '2 c. à soupe', 'Estragon haché': '2 c. à café', 'Romarin': '1 c. à café', 'Sel poivre du moulin': ''}",Total :55 min,Total :55 min,"Étape 1Lavez les aubergines et coupez-les en dés. Salez-les et faites-les dégorger pendant 10 min puis essorez-les. Épluchez les oignons et coupez-les en rondelles. Lavez les poivrons, épépinez-les, retirez la membrane blanche et coupez-les en gros morceaux. Lavez les courgettes et coupez-les en rondelles. Lavez les tomates et coupez-les en morceaux. Épluchez l’ail et coupez-le en lamelles.
Étape 2Faites chauffer l’huile dans une sauteuse et faites-y revenir tous les légumes sauf les tomates. Au bout de 5 min ajoutez l’ail et les herbes. Ajoutez les tomates et le concentré de tomates. Salez et poivrez. Laissez mijoter à couvert à feu doux pendant 15 min.
Étape 3Parsemez de feuilles d’estragon et servez.","{'sources': [], 'image_principale': {'url': 'https://img.cuisineaz.com/660x495/2013/12/20/i25423-photo-de-ratatouille.jpeg', 'alt': 'Ratatouille facile'}, 'fichiers_telecharges': ['images_tartiflette\\i25423-photo-de-ratatouille.jpeg']}"
Poêlée printanière ail et persil,N/A,Variantes,"{'Haricot vert frais(s)': '300 g', 'Ail et persil': '1 noix', 'Carotte(s)': '200 g', 'Pois gourmand': '100 g', 'Tomate cerise(s)': '50 g'}",Total :30 min,Total :30 min,"Étape 1Equeutez les haricots verts, épluchez les carottes et lavez les légumes.
Étape 2Coupez les tomates-cerise en deux, et les carottes en fines rondelles.
Étape 3Dans une casserole ou un faitout d'eau bouillante, faites précuire les haricots verts, carottes et pois gourmands environ 10 min. Egouttez-les.
Étape 4Dans une poêle contenant l'huile chaude, faites revenir à feu moyen les légumes (sauf les tomates-cerise) environ 7 min, ajoutez la noix de saveur, les tomates-cerise et prolongez la cuisson à feu doux environ 3 min en remuant délicatement.
Étape 5Servez aussitôt.","{'sources': [], 'image_principale': {'url': 'https://img.cuisineaz.com/660x495/2016/03/16/i106649-poelee-ail-persil.jpg', 'alt': 'poelee ail persil'}, 'fichiers_telecharges': ['images_tartiflette\\i106649-poelee-ail-persil.jpg']}"
Carottes Vichy,"Pour un accompagnement savoureux, misez sur ce grand classique de la cuisine française. Les carottes vichy sont une valeur sûre pour régaler petits et grands. Cette recette est facile à réaliser et va rejoindre votre répertoire quotidien, c'est sûr ! Côté ingrédients, rien que vous n'ayez déjà sous la main : du beurre, un peu de sucre et du persil frais.Voir plusVoir moins",Variantes,"{'Carotte(s)': '1 kg', 'Beurre': '80 g', 'Sucre en poudre': '1 c. à café', 'Persil hâché': '2 c. à soupe', 'Sel poivre': ''}",Total :40 min,Total :40 min,"Étape 1Rincez bien puis pelez les carottes à l'aide d'un économe. Taillez-les en rondelles d'environ 0,5 cm.
Étape 2Dans un grand faitout, faites chauffer le beurre et le sucre en poudre. Mélangez bien jusqu'à obtenir une légère mousse. Attention à ne pas brûler le beurre et à ne pas former de caramel avec le sucre.
Étape 3Ajoutez les rondelles de carottes et faites-les revenir quelques minutes en remuant avec une cuillère en bois ou une spatule.
Étape 4Couvrez d'eau, salez et poivrez.
Étape 5Laissez cuire à feu doux pendant 20 min en mélangeant régulièrement. Ajoutez un peu d'eau si nécessaire.
Étape 6Contrôlez la cuisson avec une lame de couteau, les rondelles de carottes doivent être bien tendrez.
Étape 7Ajoutez le persil finement haché.","{'sources': [], 'image_principale': {'url': 'https://img.cuisineaz.com/660x495/2015/01/05/i91031-carottes-vichy.jpg', 'alt': 'Carottes Vichy '}, 'fichiers_telecharges': ['images_tartiflette\\i91031-carottes-vichy.jpg']}"
Tomates farcies au four,"Les tomates farcies au four sont des grosses tomates vidées puis remplies de chair à saucisse et de persil. Et enfin cuites au four. Vous pouvez les décliner à l'infini, mais la recette classique est vraiment simple et rapide à faire! Alors, allumez votre four! C'est parti!Voir plusVoir moins",Variantes,"{'Chair à saucisse(s)': '200 g', 'Tomate(s)': '4', 'Persil': '1 bouquet(s)', 'Oignon(s)': '1', 'Ail': '1 Gousse', 'Chapelure': '2 c. à soupe', 'Lait': '3 c. à soupe', ""Huile d'olive"": '1 c. à soupe', 'Sel poivre': ''}",Total :40 min,Total :40 min,"Étape 1Préchauffez votre four à 150°C mode en chaleur tournante.
Étape 2Commencez par ouvrir vos grosses tomates en coupant la partie supérieure à environ 1cm de la queue. Videz-les à l'aide d'une cuillère à thé. Réservez la pulpe dans un grand bol.
Étape 3Préparez la farce : égermez la gousse d'ail et hachez-la finement. Émincez finement l'oignon et faites le revenir dans une poêle avec l'ail et l'huile d'olive, jusqu'à ce qu'il blondisse. Placez dans le bol du mixer la pulpe de tomate, l'oignon et les feuilles du bouquet de persil. Salez et poivrez. Puis mixez finement. Mélangez la préparation obtenue avec la chair à saucisse jusqu'à obtenir une farce homogène.
Étape 4À l'aide d'une cuillère à thé, remplissez entièrement les tomates avec votre farce. La farce doit dépasser légèrement. Déposez les ""couvercles"" sur la farce pour reformer les tomates.
Étape 5Enfournez à mi-hauteur pendant 30 à 40 minutes, selon la taille des tomates. Servez vos tomates farcies au four avec un peu de riz, ou des patates cuites à la vapeur.","{'sources': [], 'image_principale': {'url': 'https://img.cuisineaz.com/660x495/2017/06/12/i128204-tomates-farcies-au-four.jpeg', 'alt': 'Tomates farcies au four'}, 'fichiers_telecharges': ['images_tartiflette\\i128204-tomates-farcies-au-four.jpeg']}"
Salade de tomates à la mozzarella,"Un repas sous le soleil italien avec cette recette de salade tomate-mozzarella. Facile et rapide à réaliser, cette recette est idéale pour vous faire plaisir le temps d'un déjeuner pendant votre régime minceur. Une délicieuse mozzarella italienne associée à des tomates fraîches de saison, on adore l'été et on en redemande!Voir plusVoir moins",Variantes,"{'Tomate(s)': '4', 'Mozzarella': '250 g', ""Huile d'olive"": '2 c. à soupe', 'Vinaigre balsamique': '1 c. à soupe', 'Basilic': '3 branche(s)', 'Sel, poivre': ''}",Total :10 min,Total :10 min,"Étape 1Lavez les tomates et coupez-les en tranches de tomates. Taillez la mozzarella en lamelles de même épaisseur. Lavez, effeuillez le basilic et ciselez-le grossièrement.
Étape 2Dressez les tranches de tomates et la mozzarella en couronne sur 4 assiettes, en alternant une tranche de tomates puis une tranche de mozzarella. Parsemez de basilic.
Étape 3Assaisonnez ensuite d’huile d’olive et de vinaigre balsamique. Salez, poivrez. Servez frais.","{'sources': [], 'image_principale': {'url': 'https://img.cuisineaz.com/660x495/2018/02/24/i135965-salade-tomate-mozzarella.jpeg', 'alt': 'salade tomate-mozzarella'}, 'fichiers_telecharges': ['images_tartiflette\\i135965-salade-tomate-mozzarella.jpeg']}"
Chou blanc braisé,"En hiver, on ne sait pas forcément quel plat faire. Les tartiflettes, les fondues savoyardes et bourguignonnes… Après en avoir mangé une, deux ou trois en quelques mois, on a envie d’autres choses. C’est pour cela que cuisine AZ est là ! 
Quel plat peut-on préparer si l’on veut simplement manger de la viande et des légumes ? 
Le chou blanc braisé, c’est un plat facile à faire et terriblement savoureux !
C’est un accompagnement idéal avec un rôti de porc ou des saucisses. 
Avec notre recette de chou blanc braisé, vous ne pourrez pas être dans les choux !Voir plusVoir moins",Variantes,"{'Chou blanc': '1', 'Lardons': '100 g', 'Oignon(s)': '1', 'Laurier': '1 feuille', 'Thym': '', 'Noix de muscade': '1 c. à café', 'Beurre': '1 noix', 'Sel poivre': ''}",Total :1 h 35 min,Total :1 h 35 min,"Étape 1Coupez votre chou blanc en fines lamelles puis assaisonnez-le de sel et de poivre. Rajoutez une cuillère à café de noix de muscade.  Taillez votre lard en petits morceaux. Munissez-vous d’une cocotte et ajoutez-y du beurre afin d’y faire chauffer les lardons. Taillez également votre oignon. Lorsque les lardons ont bien rissolé, mettez l'oignon haché et laisser dorer la préparation. Remuez bien régulièrement afin que la préparation n’accroche pas à la cocotte et que vos oignons ne brûlent pas.
Étape 2Une fois que le mélange est bien coloré, ajoutez le chou et verser deux cuillères à soupe d’eau chaude. Laissez cuire 1 heure à feu très doux dans le bouillon en surveillant de temps en temps la cuisson. Après 1 heure de cuisson, votre chou blanc braisé est prêt.","{'sources': [], 'image_principale': {'url': 'https://img.cuisineaz.com/660x495/2016/04/28/i37604-chou-blanc-braise.jpg', 'alt': 'chou blanc braise'}, 'fichiers_telecharges': ['images_tartiflette\\i37604-chou-blanc-braise.jpg']}"
Potimarron au four,"Pas de chichis pour l’une des courges les plus populaires de la saison, le potimarron au four est facile, voire inratable, et délicieusement gourmand en automne ! Assaisonné d’huile d’olive, d’origan, d’ail, de sel et de poivre, il cuit en dés au four jusqu’à se gorger de saveurs et s’attendrir à cœur. Du potimarron rôti comme on l’aime, en somme, et qui sait tout faire : servie seule ou avec du riz, en gratin ou en salade, voire mixée en purée, sa chair fondante aux subtiles notes de châtaigne se prête à toutes les inspirations culinaires !Voir plusVoir moins",N/A,"{'Potimarron': '1', 'Ail': '1 tête', 'Origan': '6 brin(s)', ""Huile d'olive"": '4 c. à soupe', 'Sel poivre': ''}",Total :1 h 20 min,Total :1 h 20 min,"Étape 1Préchauffez le four à th.6 (180 °C).
Étape 2Coupez le potimarron en deux et débarrassez-le de ses graines à l'aide d'une cuillère à soupe. Epluchez-le et coupez la chair en dés.
Étape 3Dans un saladier, mélangez les dés de potimarron avec l'huile d'olive. Salez et poivrez. Mélangez bien puis répartissez les dés sur une plaque de four tapissée de papier de cuisson, ou dans un plat à gratin légèrement huilé. Ajoutez la tête d'ail non épluchée et les brins d'origan.
Étape 4Enfournez pour 1h, en retournant à mi-cuisson. Servez aussitôt.","{'sources': [], 'image_principale': {'url': 'https://img.cuisineaz.com/660x495/2023/11/20/i196564-potimarron-au-four.jpg', 'alt': 'Potimarron au four'}, 'fichiers_telecharges': ['images_tartiflette\\i196564-potimarron-au-four.jpg']}"
Choux de Bruxelles,"Les choux de Bruxelles c'est un peu la bête noire des choux, notre pire souvenir de la cantine, un plat souvent accompagné d'un « beurk » ! Quel dommage pourtant, car bien cuisiné et surtout avec des choux de Bruxelles frais et non surgelés, les choux de Bruxelles sont très bons ! Découvrez cette recette de choux de Bruxelles, très facile et rapide à réaliser, vous vous demanderez pourquoi vous ne pas l'avez pas fait plus tôt ! Et pour les enfants qui rechignent à en manger rien de tel qu'un bon plat fait maison pour leur faire changer d'avis !Voir plusVoir moins",Variantes,"{'Chou(x) de Bruxelle': '1 kg', 'Ail': '3 gousse(s)', 'Beurre': '1 noix', 'Crème fraîche': '1 filet', 'Persil ciselé': '1 c. à soupe', 'Sel poivre': ''}",Total :25 min,Total :25 min,"Étape 1Dans un autocuiseur, versez un volume d'eau salée (environ ¼ de la hauteur) et portez à ébullition. Pendant ce temps, lavez les choux de Bruxelles sous un filet d'eau froide puis éliminez les feuilles fanées.
Étape 2Jetez les choux de Bruxelles dans l'eau bouillante, attendez la reprise de l'ébullition, et faites cuire sous pression pendant 7 à 8 min puis égouttez. Si vous ne possédez pas d'autocuiseur, vous pouvez utiliser une grande casserole d'eau salée, cela prendra simplement un peu plus de temps.
Étape 3Dans une sauteuse, faites fondre le beurre, ajoutez les choux de Bruxelles et faites dorer légèrement. Ajoutez l'ail pelé et haché, le sel, le poivre et mélangez bien.
Étape 4Ajoutez la crème fraîche et faites réduire en laissant mijoter à feu doux quelques minutes. Pour finir, saupoudrez vos choux de Bruxelles de persil. Salez et poivrez à votre convenance. Servez chaud.","{'sources': [], 'image_principale': {'url': 'https://img.cuisineaz.com/660x495/2016/04/28/i113872-choux-de-bruxelles.jpg', 'alt': 'choux de bruxelles'}, 'fichiers_telecharges': ['images_tartiflette\\i113872-choux-de-bruxelles.jpg']}"
Courgettes farcies légères,"Vous allez enfin vous réconcilier avec les légumes ! Aussi diététique que savoureuse, cette recette de courgettes farcies accompagnées de riz basmati constitue le repas complet idéal durant un régime minceur. Facile et rapide à réaliser, elle mise sur une farce à base de viande de bœuf dégraissée, un coulis de tomates et une touche de parmesan pour la gourmandise. Un plat qui vous apporte tous les nutriments nécessaires... sans vous faire prendre un gramme !Voir plusVoir moins",Variantes,"{'Courgette(s)': '2', 'Bœuf haché 5% de matière grasse': '400 g', 'Riz basmati': '200 g', 'Oignon(s)': '1', 'Ail': '1 Gousse', 'Coulis de tomates': '200 g', 'Parmesan': '30 g', ""Huile d'olive"": '2 c. à soupe', 'Thym': '2 branche(s)', 'Basilic': '8 feuille (s)', 'Persil': '4 brin(s)', 'Sel': '1 pincée(s)', 'Poivre': '1 pincée(s)'}",Total :1 h 5 min,Total :1 h 5 min,"Étape 1Préchauffez votre four th.7 (200°C). Lavez les courgettes et coupez-les en deux dans le sens de la longueur. À l'aide d'une cuillère, évidez chaque moitié de courgette et conservez la chair à part. Pelez les oignons et l’ail. Émincez les oignons et hachez l'ail. Réservez.
Étape 2Dans une poêle, faites revenir dans l'huile d'olive la chair des courgettes avec les oignons émincés et l’ail en remuant de temps en temps. Ajoutez le bœuf haché et faites revenir le tout en mélangeant de nouveau. Saupoudrez de thym et de basilic haché, salez et poivrez. La farce est prête.
Étape 3Remplissez les demi-courgettes avec la farce et disposez-les dans un plat allant au four. Versez le coulis de tomates sur les courgettes. Enfournez et laissez cuire 40 min.
Étape 4Quelques minutes avant la fin de la cuisson de vos courgettes farcies, saupoudrez de parmesan et replacez le plat au four sous le gril quelques minutes encore. Pendant ce temps, portez à ébullition un grand volume d’eau. Mettez le riz à cuire 8 à 10 min selon le temps indiqué sur le paquet. Servez les courgettes farcies accompagnées du riz et décorez-les de brins de persil.","{'sources': [], 'image_principale': {'url': 'https://img.cuisineaz.com/660x495/2022/08/07/i185086-shutterstock-538856515-min.jpeg', 'alt': 'Courgettes farcies'}, 'fichiers_telecharges': ['images_tartiflette\\i185086-shutterstock-538856515-min.jpeg']}"
Gratin de chou-fleur léger,"Dégustez un gratin de chou-fleur léger et gourmand, agrémenté de délicieuses tranches de jambon de Bayonne qui parfumeront à merveille les légumes. Le chou-fleur est un légume peu calorique, cuisiné avec une béchamel sans matières grasses, il constituera un plat adapté à une alimentation saine et minceur.Voir plusVoir moins",Variantes,"{'Chou-fleur': '1', 'Jambon de Bayonne': '4 tranche(s)', 'Oignon(s)': '2', 'Lait demi-écrémé': '20 cl', 'Fromage blanc 40% MG': '100 g', 'Œuf(s)': '1', 'Fromage allégé': '30 g', 'Beurre allégé': '10 g', 'Sel poivre': ''}",Total :50 min,Total :50 min,"Étape 1Préchauffez le four à 220°C (thermostat 7/8). Coupez les feuilles du chou-fleur. Frappez le chou-fleur sur votre plan de travail. Facilement, récupérez les bouquets de chou-fleur et enlevez le pied. Lavez-les et séchez-les. Faites bouillir une grande casserole d'eau salée et plongez-y les bouquets de chou-fleur pendant 15 min. Égouttez-les dans une passoire et réservez-les au chaud.
Étape 2Beurrez un plat à gratin. Coupez les tranches de jambon en fines lanières. Pelez et émincez les oignons. Puis, faites fondre le beurre dans une casserole, ajoutez-y les tranches de jambon et les oignons émincés. Puis les bouquets de chou fleur. Remuez et laissez cuire quelques minutes. Versez la préparation dans le plat à gratin.
Étape 3Préparez la béchamel allégée. Dans une casserole à feu doux, ajoutez le fromage blanc et le lait puis portez à ébullition. Hors du feu, incorporez et fouettez l'oeuf à la préparation jusqu'à obtenir une béchamel bien homogène puis remettez sur le feu 2 min. Salez et poivrez, à votre convenance. Versez la béchamel sur les bouquets de chou-fleur. Parsemez le dessus de fromage râpé. Enfournez et laissez cuire 15 min à 220° (th7/8) jusqu'à que le gratin de chou-fleur léger soit doré. Servez chaud.","{'sources': [], 'image_principale': {'url': 'https://img.cuisineaz.com/660x495/2018/02/08/i135536-gratin-de-chou-fleur-leger.jpeg', 'alt': 'gratin de chou-fleur leger'}, 'fichiers_telecharges': ['images_tartiflette\\i135536-gratin-de-chou-fleur-leger.jpeg']}"
Poulet au citron minceur,"Une recette minceur de poulet au citron réalisé avec des cuisses de poulet, des petits oignons, des quartiers de citron et des champignons de Paris. Voici une recette allégée en matières grasses bien assaisonnée avec ses cuillères à soupe d'herbes qui pourra être accompagnée avec du riz complet, des pommes de terre sautées ou même des pâtes complètes.Voir plusVoir moins",Variantes,"{'Champignon(s) de paris': '500 g', 'Oignon(s) blanc(s)': '10', 'Cuisses de poulet': '4', 'Crème fraîche à 3 % de MG': '3 c. à soupe', 'Citron(s)': '2', 'Herbes de provence': '2 c. à soupe', ""Huile d'olive"": '1 c. à soupe', 'Sel poivre': ''}",Total :45 min,Total :45 min,"Étape 1Dans un faitout, faites revenir à feu vif, pendant environ 10 min, les 4 cuisses de poulet dans 2 c. à soupe d’huile. Salez, poivrez et parsemez d’herbes de Provence. Coupez un citron en 4, rincez les champignons de Paris.
Étape 2Lorsque les cuisses commencent à se colorer, baissez le feu et ajoutez le jus d’1 citron frais, la crème fraîche, les petits oignons, les quartiers de citron et les champignons.
Étape 3Ajoutez si besoin 1 à 2 c. à soupe d’eau. Couvrez et laissez cuire à feu doux pendant 20 min environ. Servez aussitôt vos morceaux de poulet en sauce dans des assiettes puis dégustez avec un accompagnement au choix.","{'sources': [], 'image_principale': {'url': 'https://img.cuisineaz.com/660x495/2018/02/05/i135477-recette-poulet-champignon.jpeg', 'alt': 'recette-poulet-champignon'}, 'fichiers_telecharges': ['images_tartiflette\\i135477-recette-poulet-champignon.jpeg']}"
"Poivrons farcis au poulet, courgette, semoule et coulis de tomates -LIGHT-","Une recette light de poulet pour déguster un plat léger et équilibré. Voici ce que nous vous proposons. Pour cela vous aurez besoin de poivrons rouges, de poulet, de courgette, d'un coulis de tomate et de couscous.Voir plusVoir moins",Variantes,"{'Poivron(s) rouge(s)': '2', 'Filet de poulet': '120 g', 'Courgette(s)': '0,5 g', 'Graine(s) de couscous': '30 g', 'Coulis de tomates': '200 ml', 'Sel, poivre': ''}",Total :1 h 10 min,Total :1 h 10 min,"Étape 1Pour réaliser cette recette de poivrons farcis, commencez par chauffez le four à 200°C (th.7).
Étape 2Laver et coupez les poivrons en 2. Épépinez-les et retirez les membranes blanches. Lavez la courgette, épluchez-la et coupez-la en touts petits morceaux (ou vous pouvez la hacher). Découpez les filets de poulet en petits morceaux. Mais vous pouvez également mettre du poulet haché à l'image du boeuf.
Étape 3Faites cuire la semoule comme indiqué sur l'emballage, mais sans ajouter de matière grasse. Puis égrainez-la. Dans un saladier, préparez la farce en mélangeant la semoule, le poulet, la courgette et la sauce, salez et poivrez.
Étape 4Garnissez les poivrons de farce, ajoutez un peu d'eau au fond du plat et enfournez pour 50 min.","{'sources': [], 'image_principale': {'url': 'https://img.cuisineaz.com/660x495/2018/02/04/i135450-recette-poivron-farcis-light.jpeg', 'alt': 'recette-poivron-farcis-light'}, 'fichiers_telecharges': ['images_tartiflette\\i135450-recette-poivron-farcis-light.jpeg']}"
Marinade légère pour le poulet,"Une bonne marinade spéciale poulet, voilà comment sublimer facilement la volaille, quelle que soit la recette ou la cuisson. Et au passage, pourquoi ne pas préparer une marinade légère pour le poulet ? Sans matières grasses, elle s’adapte à tous les types de régimes, y compris minceur… et elle est surtout ultra-gourmande ! Le secret ? Une bonne dose de moutarde, une pointe de curry, de l’ail et du citron avec une touche de basilic : à vous le poulet assaisonné sans peser.Voir plusVoir moins",Variantes,"{'Moutarde': '4 c. à café', 'Curry': '2 c. à café', 'Ail': '2 gousse(s)', 'Citron(s) vert(s)': '1', 'Basilic frais': 'Quelques feuilles', 'Sel': '', 'Poivre': ''}",Total :10 min,Total :10 min,"Étape 1Pelez les gousses d'ail puis écrasez-les à l'aide d'une fourchette ou d'un presse-ail. Coupez le citron vert en deux et pressez-le pour en extraire le jus. Lavez, effeuillez et hachez le basilic frais.
Étape 2Dans un bol, mélangez au fouet la moutarde, le curry, le jus du citron vert et les gousses d'ail écrasées.
Étape 3Ajoutez ensuite le basilic haché puis salez, poivrez et mélangez à nouveau.
Étape 4Enduisez le poulet de marinade légère et laissez reposer 20 min.","{'sources': [], 'image_principale': {'url': 'https://img.cuisineaz.com/660x495/2018/02/24/i135962-marinade-legere-pour-poulet.jpeg', 'alt': 'marinade légère pour poulet'}, 'fichiers_telecharges': ['images_tartiflette\\i135962-marinade-legere-pour-poulet.jpeg']}"
Croque monsieur light au thon,"Changez des éternels croque-monsieurs au jambon avec cette recette originale, parfaitement équilibrée et 100% minceur ! Rapides à confectionner, les croque-monsieurs light au thon sont une véritable invitation à la gourmandise. Que vous fassiez attention à votre ligne ou non, vous allez régaler vos papilles et celles de vos proches !Voir plusVoir moins",Variantes,"{'Pain de mie complet': '8 tranche(s)', 'Thon au naturel': '300 g', 'Emmental': '8 tranche(s)', 'Fromage frais': '4 c. à soupe', 'Tomate(s)': '1', 'Margarine à 25% de MG': '2 c. à soupe', 'Moutarde': '0,5 c. à soupe', 'Poivre': ''}",Total :5 min,Total :5 min,"Étape 1Dans un bol, émiettez le thon égoutté, puis ajoutez le fromage frais, la moutarde et le poivre.
Étape 2Étalez cette préparation sur les tranches de pain de mie, puis ajoutez une rondelle de tomate et 2 tranches de gruyère. Refermez le croque monsieur avec une tranche de pain de mie.
Étape 3Faites fondre la margarine au micro-ondes et badigeonnez-en le recto et le verso de chaque croque monsieur, à l'aide d'un pinceau.
Étape 4Faites dorer les croque-monsieurs dans le four, en mode grill, pendant 5 min environ. Attention à ne pas les brûler : cela va très vite !","{'sources': [], 'image_principale': {'url': 'https://img.cuisineaz.com/660x495/2018/01/19/i135186-croque-monsieur-light-au-thon.jpeg', 'alt': 'menu équilibré 3 février'}, 'fichiers_telecharges': ['images_tartiflette\\i135186-croque-monsieur-light-au-thon.jpeg']}"
Hamburgers allégés en matières grasses,"De délicieux hamburgers allégés en matières grasses à déguster toute l’année, même si vous surveillez votre ligne et votre alimentation. Avec des recettes comme celle-ci, on se fait plaisir, et ce, en toute légèreté !Voir plusVoir moins",N/A,"{'Steak(s) haché(s) de boeuf 5% mg(': '4', 'Fromage blanc 0%': '80 g', 'Mozzarella': '1 boule', 'Pain': '4 boule', 'Tomate(s)': '2', 'Oignon(s)': '1', 'Salade verte': '8 feuilles', 'Cornichon(s)': '4', 'Moutarde': '1 c. à soupe', 'Ciboulette': 'Quelques brin(s)'}",Total :20 min,Total :20 min,"Étape 1Coupez les pains en 2 horizontalement.
Étape 2Lavez les tomates et coupez-les en fines rondelles.
Étape 3Lavez et essorez les feuilles de salade.
Étape 4Pelez l’oignon et hachez-le finement.
Étape 5Égouttez puis coupez la boule de mozzarelle en lamelles.
Étape 6Coupez les cornichons en rondelles.
Étape 7Faites chauffer une poêle antiadhésive. Quand la poêle est bien chaude, faites cuire les steaks quelques minutes sur chaque face, selon la cuisson que vous désirez (saignant, à point ou bien cuit).
Étape 8Pendant ce temps, préparez la sauce de vos hamburgers allégés en matières grasses : lavez, séchez et ciselez les brins de ciboulette. Dans un bol, mélangez le fromage blanc, la moutarde et la ciboulette ciselée.
Étape 9Montez ensuite vos hamburgers allégés en matières grasses : recouvrez 4 moitiés de pains à hamburgers de la sauce au fromage blanc et à la moutarde, puis déposez sur chacun : une feuille de salade, un steak haché, une rondelle de mozzarella, des rondelles de tomates et de cornichons puis de l’oignon haché.
Étape 10Terminez vos hamburgers allégés en matières grasses avec une feuille de salade avant de les refermer avec les 4 autres moitiés de pains à hamburgers.
Étape 11Servez aussitôt et dégustez bien chaud.","{'sources': [], 'image_principale': {'url': 'https://img.cuisineaz.com/660x495/2013/12/20/i49086-hamburgers-alleges.jpeg', 'alt': 'hamburgers allégés'}, 'fichiers_telecharges': ['images_tartiflette\\i49086-hamburgers-alleges.jpeg']}"
Tarte aux poireaux légère,"Une tarte au poireau légère agrémenté de lardons, ça vous dit ? Facile à réaliser, rapide cette très bonne recette à tous les atouts pour vous séduire. 
Elle peut être servie en entrée mais aussi en plat principal accompagnée d'une salade verte ou un potage.Voir plusVoir moins",Variantes,"{'Pâte(s) brisée(s)': '1', 'Lardons': '200 g', 'Poireau(x)': '1', 'Lait': '2 verre(s)', 'Beurre': '40 g', 'Farine': '2 c. à soupe', 'Coeur de bouillon ® MAGGI®': '1', 'Gruyère': ''}",Total :1 h 10 min,Total :1 h 10 min,"Étape 1Préchauffez le four à 200°C (th.7).
Étape 2Lavez, émincez le poireau et ajoutez-le dans la poêle. Couvrez et laissez cuire environ 5 min. En fin de cuisson, ajoutez la capsule de bouillon de volaille et mélangez jusqu'à la fonte du bouillon. Réservez.
Étape 3Dans une poêle, faites revenir les lardons dans un peu de beurre, faites-les dorer, remuez. Ajoutez la farine, laissez mijoter (comme pour faire une béchamel), ajoutez le lait et éteignez dès épaississement.
Étape 4Étalez la pâte brisée dans un moule à tarte et piquez la à l'aide d'une fourchette. Versez la préparation dans le fond de tarte, puis parsemez de gruyère râpé.
Étape 5Enfournez pendant 35 à 40 min.","{'sources': [], 'image_principale': {'url': 'https://img.cuisineaz.com/660x495/2013/12/20/i16695-tarte-aux-poireaux-legere.jpeg', 'alt': 'Tarte aux poireaux légère'}, 'fichiers_telecharges': ['images_tartiflette\\i16695-tarte-aux-poireaux-legere.jpeg']}"
Tarte aux courgettes minceur,"Cette recette de tarte aux courgettes minceur vous réconciliera avec les courgettes et en plus elle est allégée ! A base de légumes et de fromages allégée, elle est facile et simple à faire.Voir plusVoir moins",Variantes,"{'Pâte(s) brisée(s)': '1', 'Courgette(s)': '3', 'Fromage blanc 0%': '150 mg', 'Fromage râpé': '100 g', 'Œuf(s)': '2', 'Persil': '', 'Sel, poivre': ''}",Total :45 min,Total :45 min,"Étape 1Préchauffez le four à 180°C (th.6).
Étape 2Déroulez la pâte dans un moule et piquez-la à l’aide d’une fourchette. Précuisez-la à blanc pendant 10 à 15 min.
Étape 3Dans un saladier, mélangez les œufs, le fromage blanc et le persil. Salez et poivrez.
Étape 4Versez ce mélange sur le fond de tarte. Ajoutez les courgettes préalablement épluchées et coupées en fines rondelles. Saupoudrez de fromage râpé et mettez au four 30 min.
Étape 5Servez aussitôt.","{'sources': [], 'image_principale': {'url': 'https://img.cuisineaz.com/660x495/2018/02/15/i135788-.jpeg', 'alt': 'Tarte aux courgettes minceur'}, 'fichiers_telecharges': ['images_tartiflette\\i135788-.jpeg']}"
Pizza légère aux légumes,"On vous propose une recette facile et rapide de pizza légère à base de légumes, de sauce tomate et sans matières grasses. Parfaite pour tenir la ligne, on peut désormais se faire plaisir avec une pizza croustillante. Autant en profiter !Voir plusVoir moins",Variantes,"{'Pâte à pizza': '1', 'Courgette(s)': '1', 'Tomate(s)': '2', 'Champignon(s)': '3', 'Aubergine(s)': '1', 'Oignon(s)': '2', 'Concentré de tomates': '3 c. à soupe', 'Gruyère râpé': '30 g', 'Vin blanc': '2 c. à soupe', 'Origan': '', 'Herbes de provence': '', 'Sel poivre': ''}",Total :40 min,Total :40 min,"Étape 1Préchauffez votre four th.6 (180 °C). Lavez les légumes et séchez-les. Sur une planche à découper, prenez les oignons et les tomates puis coupez-les en rondelles. Coupez ensuite l'aubergine et la courgette en fines lamelles à l'aide d'un économe. Émincez les champignons. Faites revenir le tout à la poêle quelques minutes avec 2 c. à soupe de vin blanc. Salez, poivrez puis ajoutez les fines herbes et l'origan.
Étape 2Déroulez la pâte à pizza et étalez-la sur un moule à tarte recouvert de papier sulfurisé. Piquez-la avec une fourchette. Badigeonnez cette pâte de concentré de tomates ou de coulis de tomates puis disposez-y les légumes. Enfin, ajoutez le fromage râpé.
Étape 3Enfournez et laissez cuire 20 min à 180° (th.6) tout en surveillant la cuisson. Servez accompagné d'une salade.","{'sources': [], 'image_principale': {'url': 'https://img.cuisineaz.com/660x495/2018/02/28/i136025-pizza-legere.jpeg', 'alt': 'pizza legere'}, 'fichiers_telecharges': ['images_tartiflette\\i136025-pizza-legere.jpeg']}"
Sandwich diététique,"Cette recette du sandwich diététique va en faire craquer plus d'un. Le pain suédois qui le compose est le roi des pains en matière de régime. Sa valeur calorique est si faible qu'on n'aura plus peur de prendre un sandwich pendant sa pause déjeuner. Si en plus vous pensez manquer de temps, cette recette se réalise en à peine dix minutes. Rien de bien compliqué.Voir plusVoir moins",N/A,"{'Pain suédois': '2 tranche(s)', 'Fromage blanc 0%': '50 g', ""Jaune(s) d'œuf(s)"": '1', 'Carotte(s)': '1', 'Tomate(s)': '0,5', 'Salade': 'Quelques feuilles', 'Vinaigre': '1 c. à café', 'Jus de citron': '', 'Persil': '', 'Sel, poivre': ''}",Total :10 min,Total :10 min,"Étape 1Dans un saladier, mixer le jaune d'œuf avec le fromage blanc sans matières grasses. Ajoutez un filet de vinaigre et battez pour obtenir une mayonnaise allégée. Salez, poivrez et saupoudrez de persil.
Étape 2Épluchez la carotte, râpez-la et mettez-y du citron. Lavez la tomate puis coupez-la en rondelles. Lavez et essorez les feuilles de salade.
Étape 3Faites griller les tartines de pain suédois. Nappez une tranche de pain grillée de mayonnaise allégée, puis mettez-y des carottes râpées, de la salade et des rondelles de tomates. Recouvrez d'une tranche de pain grillée non tartinée. Servez.","{'sources': [], 'image_principale': {'url': 'https://img.cuisineaz.com/660x495/2018/01/30/i135335-sandwich-dietetique-legumes.jpeg', 'alt': 'sandwich diététique légumes'}, 'fichiers_telecharges': ['images_tartiflette\\i135335-sandwich-dietetique-legumes.jpeg']}"
Quiche légère à la mozzarella et ratatouille,"Une quiche légère à la mozzarella, voici un plat économique de tous les jours. Composée de reste de ratatouille de légume avec de la mozzarella et du gruyère râpé, c'est une recette facile à réaliser. Vous pourrez ainsi l'accompagner d'un filet de poisson ou de volaille pour avoir un repas complet pour toute la famille.Voir plusVoir moins",Variantes,"{'Pâte(s) feuilletée(s)': '1 rouleau', 'Boule de mozzarella': '1', 'Gruyère râpé': '1 poignée(s)', 'Reste de ratatouille': '', 'Crème légère': '20 cl', 'Œuf(s)': '3', 'Sel, poivre': ''}",Total :45 min,Total :45 min,"Étape 1Préchauffez le four à 190°C (th.6-7).
Étape 2Prenez un moule à tarte puis, déroulez-y la pâte feuilletée. Puis sur votre planche de cuisine, découpez la mozzarella en dés avec un couteau après l'avoir égoutté. Réservez. Versez les restes de ratatouille sur le fond de pâte, puis ajoutez les dés de mozzarella sur le dessus de la quiche.
Étape 3Cassez les œufs dans un saladier. Ajoutez la crème légère et battez-les pour constituer l'appareil à quiche. Assaisonnez avec du sel et du poivre selon votre goût. Versez ce mélange sur la ratatouille et la mozzarella. Et finissez par parsemer du gruyère râpé sur le dessus de la quiche pour la gratiner.
Étape 4Enfournez le tout pendant 30 min. Une fois la cuisson terminée, servez une part de quiche avec de la salade ou une source de proteine comme de la volaille ou du poisson.","{'sources': [], 'image_principale': {'url': 'https://img.cuisineaz.com/660x495/2015/07/14/i76119-quiche-legere-a-la-mozzarella-et-ratatouille.jpg', 'alt': 'Quiche légère à la mozzarella et ratatouille'}, 'fichiers_telecharges': ['images_tartiflette\\i76119-quiche-legere-a-la-mozzarella-et-ratatouille.jpg']}"
Carrot cake light,"Le carrot cake est LE gâteau qui, servi avec un bon thé ou un bon café fumant, apporte du réconfort les jours de grand froid. Petits et grands apprécieront à coup sûr cette recette de carrot cake light, ultra moelleux et super gourmand ! Avec ou sans glaçage, choisissez la version de cette recette minceur qui vous convient le mieux... ou testez les deux !Voir plusVoir moins",Variantes,"{'Carotte(s)': '350 g', 'Farine': '200 g', 'Œuf(s)': '3', 'Cerneaux de noix': '80 g', 'Carré frais': '70 g', 'Cassonade': '70 g', ""Poudre d'amandes"": '40 g', 'Beurre': '50 g', 'Levure chimique': '1 Sachet', 'Gingembre frais': '15 g', 'Mélange 4 épices': '0,5 c. à café', 'Cannelle en poudre': '0,5 c. à café', 'Sel': '1 pincée(s)', 'Fromage à tartiner': '150 g', 'Sucre glace': '50 g', 'Citron(s)': '1'}",Total :1 h,Total :1 h,"Étape 1Préchauffez le four à th.6 (180°C).
Étape 2Épluchez et râpez les carottes ainsi que le gingembre.
Étape 3Dans un saladier, mélangez le beurre, le fromage frais, la cassonade, les épices et le sel. Ajoutez les œufs, les noix, la poudre d’amande, la farine, la levure chimique, les carottes râpées et le gingembre. Mélangez bien à l'aide d'un fouet pour obtenir une pâte homogène.
Étape 4Versez l'appareil dans un moule à gâteau à charnière que vous aurez recouvert de papier sulfurisé. Enfournez pendant 50 min à 1 heure.
Étape 5Laissez refroidir le gâteau puis préparez le glaçage en mélangeant le fromage frais, le sucre glace et le zeste de citron. Recouvrez le gâteau avec cette préparation et laissez durcir le glaçage avant de servir.","{'sources': [], 'image_principale': {'url': 'https://img.cuisineaz.com/660x495/2018/01/18/i135143-carrot-cake-light-jpg.jpeg', 'alt': 'Carrot cake light.jpg'}, 'fichiers_telecharges': ['images_tartiflette\\i135143-carrot-cake-light-jpg.jpeg']}"
Gâteau léger au chocolat,"Pour faire plaisir aux enfants et aux parents, rien de plus délicieux que ce gâteau léger au chocolat. Facile et rapide à réaliser, cette recette comblera tout le monde aussi bien pour le goûter que le petit déjeuner. Super moelleux, ce gâteau au chocolat s'accompagne parfaitement d'une petite tasse de thé ou d'un bon chocolat chaud. Faites vous plaisir le temps d'un dessert.Voir plusVoir moins",Variantes,"{'Chocolat pâtissier': '150 g', 'Œuf(s)': '4', 'Farine': '50 g', 'Maïzena': '50 g', 'Sucre roux': '100 g', 'Beurre mou': '80 g', 'Levure chimique': '2 c. à café', 'Sel': '1 pincée(s)'}",Total :50 min,Total :50 min,"Étape 1Préchauffez le four à 200° (th.7). Faites fondre le chocolat coupé en morceaux avec le beurre mou dans une casserole au bain-marie. Quand le chocolat est fondu, réservez.
Étape 2Cassez les oeufs et séparez les blancs des jaunes. Dans un saladier, battez les jaunes d'oeufs avec le sucre roux jusqu'à ce que le mélange blanchisse. Puis, incorporer la farine, la maïzena et la levure chimique. Mélangez bien le tout pour éviter les grumeaux. Prenez un fouet pour monter les blancs en neige ferme avec une pincée de sel. Incorporez-les délicatement à la préparation. Ajoutez ensuite le chocolat fondu et mélangez de nouveau jusqu'à obtenir une pâte à gâteau homogène.
Étape 3Dans un moule beurré, verser la pâte à gâteau et enfournez le gâteau au chocolat. Laissez cuire pendant 35 min à 180° (th.6) jusqu'à que le gâteau léger au chocolat soit bien gonflé. Vérifiez la cuisson avec la pointe d’un couteau. Elle doit ressortir propre et sèche à la fin de la cuisson. Sortez ensuite le gâteau et démoulez-le sur un plat à service. Servez tiède.","{'sources': [], 'image_principale': {'url': 'https://img.cuisineaz.com/660x495/2016/03/17/i22509-gateau-leger-au-chocolat.jpg', 'alt': 'gateau leger au chocolat'}, 'fichiers_telecharges': ['images_tartiflette\\i22509-gateau-leger-au-chocolat.jpg']}"
Patates douces au four,"Vous recherchez une recette salée simple, rapide, réconfortante et healthy ? La patate douce au four coche toutes les cases. Simplement coupée en deux, elle est arrosée d'un mélange de jus de citron, d'huile d'olive et de piment de Cayenne qui vient réveiller sa douce sucrosité. En plus, elle fait le plein de bêta-carotène et de glucides à IG bas : une alliée pour garder la patate (tout en changeant de la pomme de terre) !Voir plusVoir moins",Variantes,"{'Patate(s) douce(s)': '4', ""Huile d'olive"": '2 c. à soupe', 'Persil': '1 botte(s)', 'Jus de citron': '1 filet', 'Piment de cayenne': '1 pincée(s)', 'Sel': '1 pincée(s)', 'Poivre': '1 pincée(s)'}",Total :55 min,Total :55 min,"Étape 1Préchauffez le four th.6 (180°). Brossez les patates douces sous l'eau. Coupez-les en deux, quadrillez la chair avec un couteau et déposez-les dans un plat allant au four, chair vers le haut.
Étape 2Lavez et essorez le persil puis hachez-le finement. Dans un bol, versez l'huile d'olive, ajoutez le persil haché, le piment de Cayenne en poudre ainsi que le jus de citron. Mélangez bien et versez en répartissant sur les patates douces. Salez et poivrez.
Étape 3Enfournez pour 40-45 min. Servez les patates douces bien chaudes dès la sortie du four.","{'sources': [], 'image_principale': {'url': 'https://img.cuisineaz.com/660x495/2013/12/20/i16921-patates-douces-au-four.jpeg', 'alt': 'Patate douce au four'}, 'fichiers_telecharges': ['images_tartiflette\\i16921-patates-douces-au-four.jpeg']}"
Soupe mange graisse au chou,"Besoin de perdre du poids ? Voici une délicieuse recette detox, la soupe mange graisse au chou. Vous n'en croyez pas vos yeux ? C'est pourtant vrai. Le chou est un aliment sain et diurétique, il est donc un excellent brûle graisse pour ceux en perte de poids. Mangez cette soupe mange graisse pendant une semaine et vous verrez la différence. En plus d'être composée seulement de légumes riches en fibres et vitamines, cette recette de soupe est sans matière grasse pour une perte de poids assurée !Voir plusVoir moins",Variantes,"{'Chou blanc': '1', 'Céleri': '1 branche(s)', 'Carotte(s)': '3', 'Oignon(s)': '2', 'Gingembre': '10 g', 'Bouillon de légumes': '1 cube(s)', 'Eau': '2 l'}",Total :1 h 10 min,Total :1 h 10 min,"Étape 1Lavez le chou puis faites-le blanchir dans l'eau bouillante 2 à 3 min. Sortez-le et plongez-le dans l'eau froide pour qu'il conserve sa couleur. Laissez-le ensuite refroidir. Pendant ce temps, Lavez le céleri puis coupez-le en petits morceaux. Épluchez les carottes puis lavez-les et coupez-les en fines rondelles. Épluchez les oignons et émincez-les. Pelez le gingembre et râpez-le finement avec une Microplane ou à la mandoline.
Étape 2Remplissez d'eau une marmite puis ajoutez le bouillon de légumes. Faites fondre le cube de bouillon à feu doux. Lorsqu'il est fondu, ajoutez tous les ingrédients pour réaliser la soupe au chou puis mélangez doucement. Laissez mijoter ensuite 1 heure à couvert pour ne pas perdre les arômes.
Étape 3À la fin de la cuisson, versez la soupe aux choux à l'aide d'une louche dans un bol de soupe puis servez immédiatement.","{'sources': [], 'image_principale': {'url': 'https://img.cuisineaz.com/660x495/2018/03/22/i139021-soupe-au-chou-brule-graisse.jpeg', 'alt': 'soupe au chou brûle graisse'}, 'fichiers_telecharges': ['images_tartiflette\\i139021-soupe-au-chou-brule-graisse.jpeg']}"
Poulet basquaise au Cookeo,"Le poulet basquaise, une recette traditionnelle qui va régaler toute votre petite famille. Vous pouvez faire cette recette Cookeo toute l’année, en hiver pour vous réchauffer ou en été pour profiter de toutes ses saveurs du sud ! Grâce à sa cuisson rapide, vous obtiendrez un repas succulent en un rien de temps. Du poulet, des poivrons, des tomates, un oignon, de l’ail, du vin blanc, un bouillon de volaille, un bouquet garni et c’est parti !Voir plusVoir moins",Variantes,"{'Cuisses de poulet': '4', 'Poivron(s) rouge(s)': '1', 'Poivron(s) vert(s)': '1', 'Poivron(s) jaune(s)': '1', 'Tomate(s) fraîche(s)': '200 g', 'Oignon(s)': '1', 'Ail': '2 gousse(s)', 'Vin blanc': '10 cl', 'Volaille': '1 cube(s)', 'Eau': '100 ml', 'Bouquet(s) garni(s)': '1', ""Huile d'olive"": '2 c. à soupe', 'Sel poivre': ''}",Total :28 min,Total :28 min,"Étape 1Épluchez puis émincez l’oignon et hachez les gousses d'ail. Lavez et coupez les tomates en dés puis lavez et coupez les poivrons en lamelles. Diluez le cube de volaille dans l’eau.
Étape 2Ensuite, mettez l’huile d’olive et le poulet dans la cuve du Cookeo puis faites revenir pendant 5 min en mode dorer.
Étape 3Ajoutez l’oignon, les tomates, l’ail et les poivrons, le bouillon de volaille, le vin blanc, le bouquet garni, salez, poivrez, puis programmez 13 min en cuisson sous pression.","{'sources': [], 'image_principale': {'url': 'https://img.cuisineaz.com/660x495/2017/07/17/i130782-poulet-basquaise-au-cookeo.jpeg', 'alt': 'poulet basquaise au Cookeo'}, 'fichiers_telecharges': ['images_tartiflette\\i130782-poulet-basquaise-au-cookeo.jpeg']}"
Pancakes sans beurre,"Ces pancakes sans beurre se dégustent autant chauds que tièdes ou froids, avec de la confiture, du sucre, ou tout autre accompagnement de votre choix. Même si la meilleure façon reste quand même de dévorer vos pancakes nappés de sirop d'érable ! Impressionnez vos amis ou votre famille le temps d'un dessert avec cette recette de pancakes délicieuse et gourmande, sans beurre. Il est enfin temps de se faire plaisir grâce à une recette avec 0% de matières grasses. Même au régime, un peu de gourmandise ne vous fera que du bien !Voir plusVoir moins",N/A,"{'Farine de blé': '150 g', 'Lait': '20 cl', 'Œuf(s) entier(s)': '2', 'Levure chimique': '0,5 Sachet', 'Sucre en poudre': '1 c. à soupe', 'Huile de tournesol': '1 c. à soupe', 'Sel fin': '1 pincée(s)'}",Total :20 min,Total :20 min,"Étape 1Dans un saladier, tamisez la farine de blé puis ajoutez la levure chimique, la pincée de sel et le sucre en poudre. Mélangez tous les ingrédients ensemble à l'aide d'une cuillère en bois. Creusez ensuite un puits au centre puis cassez-y les œufs dedans. Mélangez à nouveau pour incorporer les œufs à la pâte à pancakes sans beurre. Puis, délayez-la avec le lait sans cesser de mélanger. Utilisez ensuite un fouet pour bien mélanger la préparation jusqu'à obtenir une pâte lisse et sans grumeaux. Couvrez alors votre saladier de papier cellophane et laissez reposer 30 min à température ambiante.
Étape 2Huilez légèrement une poêle puis faites-la chauffer à feu moyen. Lorsque la poêle est chaude, versez à l'aide d'une petite louche, la pâte à pancake en plusieurs ronds. Faites cuire 1 min les pancakes avant de les retourner. Les pancakes doivent être bien dorés de chaque côté et former de petites bulles à la surface.
Étape 3Versez vos pancakes réalisés dans une assiette puis servez-les encore tièdes pour que ce soit meilleur. Conservez vos pancakes sans beurre non dégustés au réfrigérateur dans une boîte hermétique ou un plat couvert de papier cellophane.","{'sources': [], 'image_principale': {'url': 'https://img.cuisineaz.com/660x495/2013/12/20/i14562-pancakes-sans-beurre.jpeg', 'alt': 'Pancakes sans beurre'}, 'fichiers_telecharges': ['images_tartiflette\\i14562-pancakes-sans-beurre.jpeg']}"
Cuisses de poulet et légumes rôtis au four,"Voilà un bon petit plat équilibré qui plaira à tous : les cuisses de poulet au four et ses légumes rôtis. De la volaille bien grillée, cuite au four avec des tomates, des oignons, des poivrons vert et rouge, du romarin, et juste un filet d'huile d'olive. Une belle idée de repas, pleine de saveurs et de couleurs, qui mettra de la bonne humeur autour de la table. Servez ce plat seul, ou accompagné d'une petite timbale de riz basmati, c'est un régal ! Bon appétit :)Voir plusVoir moins",Variantes,"{'Cuisses de poulet': '4', 'Tomate(s)': '2', 'Poivron(s) rouge(s)': '1', 'Poivron(s) vert(s)': '1', 'Oignon(s)': '2', 'Romarin': '2 Branches', ""Huile d'olive"": '3 c. à soupe', 'Eau': '1 verre(s)', 'Sel poivre du moulin': ''}",Total :55 min,Total :55 min,"Étape 1Préchauffez le four à th.7 (210°C). Préparez les légumes : nettoyez, épépinez et coupez les poivrons en lamelles. Pelez et coupez les oignons en rondelles. Nettoyez et coupez les tomates en quartiers.
Étape 2Salez et poivrez les cuisses de poulet puis déposez-les dans un plat à four.
Étape 3Ajoutez les légumes et le romarin sur le dessus. Arrosez d’huile d’olive puis versez un verre d’eau dans le fond du plat pour éviter que les légumes n'attachent.
Étape 4Enfournez pendant 20 min, puis retournez les cuisses. Faites cuire à nouveau pendant 20 min. Lorsque la volaille et les légumes sont bien dorés, sortez le plat du four et dégustez bien chaud.","{'sources': [], 'image_principale': {'url': 'https://img.cuisineaz.com/660x495/2015/08/03/i74004-cuisses-de-poulet-et-legumes-d-ete-rotis-au-four.jpg', 'alt': 'Menu Batch Cooking du 26 août au 30 août'}, 'fichiers_telecharges': ['images_tartiflette\\i74004-cuisses-de-poulet-et-legumes-d-ete-rotis-au-four.jpg']}"
Sauce light au fromage et ses légumes en apéro,"Pour un apéritif léger, pensez à cette sauce au fromage blanc accompagnée de légumes crus, à décliner à l'infini. 
La sauce peut aussi être servie pour une entrée de crudités.Voir plusVoir moins",Variantes,"{'Fromage blanc 0%': '200 g', 'Concombre(s)': '1', 'Carotte(s)': '3', 'Tomate(s) cerise(s)': '20', 'Échalote(s)': '1', 'Vinaigre de vin': '1 c. à soupe', 'Moutarde forte': '1 c. à café', 'Persil hâché': '1 c. à café', 'Ciboulette': '1 c. à café', 'Sel poivre': ''}",Total :10 min,Total :10 min,"Étape 1Épluchez l’échalote et hachez la finement. Dans un saladier, mettez le fromage blanc. Ajoutez-y la moutarde, le vinaigre, le persil, la ciboulette et l'échalote hachée. Mélangez bien puis, salez et poivrez cette sauce selon votre goût. Laissez-la reposer dans le réfrigérateur.
Étape 2Lavez les légumes. Pelez le concombre et les carottes puis, découpez-les en bâtonnets. Laissez les tomates cerises entières.
Étape 3Servez au même moment les légumes et la sauce dans des récipients distincts.","{'sources': [], 'image_principale': {'url': 'https://img.cuisineaz.com/660x495/2018/03/19/i137279-sauce-light-au-fromage-et-ses-legumes-en-apero.jpeg', 'alt': 'Sauce light au fromage et ses légumes en apéro'}, 'fichiers_telecharges': ['images_tartiflette\\i137279-sauce-light-au-fromage-et-ses-legumes-en-apero.jpeg']}"
Escalopes de dinde minceur aux champignons,"Une recette minceur avec de l'escalope de dinde et une crème de champignon à la crème fraîche 0% : testez cet incontournable délicieux, facile et rapide à réaliser pour se régaler au quotidien. Vous pourrez l'accompagner avec des pommes de terre ou du riz complet par exemple.Voir plusVoir moins",Variantes,"{'Escalope(s) de dinde': '6', 'Champignon(s) de paris': '500 g', 'Crème fraîche 0%': '15 cl', 'Beurre allégé': '20 g', 'Ciboulette': '1 bouquet(s)', ""Huile d'olive"": '2 c. à soupe', 'Coeur de bouillon ® MAGGI®': '1', 'Sel poivre': ''}",Total :45 min,Total :45 min,"Étape 1Nettoyez les champignons et coupez-les en quatre. Ciselez la ciboulette.
Étape 2Faites chauffer l’huile d'olive dans une sauteuse, mettez-y les champignons et faites-les sauter à feu vif. Salez et poivrez, parsemez de la moitié de la ciboulette, ajoutez la crème fraîche. Mélangez et laissez cuire sur feu très doux.
Étape 3Pendant ce temps, faites fondre le beurre dans une poêle, déposez les escalopes de dinde et faites-les dorer à feu vif des deux cotés. Baissez le feu et prolongez la cuisson 15 min en retournant régulièrement les escalopes. En fin de cuisson, ajoutez 1 capsule de CŒUR DE BOUILLON® MAGGI® Volaille dégraissée et laissez fondre la capsule.
Étape 4Répartissez les champignons dans les assiettes, ajoutez les escalopes, nappez de sauce et parsemez le tout de la ciboulette restante et servez aussitôt.","{'sources': [], 'image_principale': {'url': 'https://img.cuisineaz.com/660x495/2018/02/05/i135476-recette-escaloppe-dinde-champignon.jpeg', 'alt': 'recette-escaloppe-dinde-champignon'}, 'fichiers_telecharges': ['images_tartiflette\\i135476-recette-escaloppe-dinde-champignon.jpeg']}"
